scenario_key,scenario,strategy_key,strategy,kind,trials,availability_mean_pct,availability_ci95_pct,availability_p10_pct,availability_p90_pct,usable_mean_pct,effective_mean_ms,effective_ci95_ms,success_p95_mean_ms,max_outage_mean_s,max_outage_ci95_s,max_outage_max_s,oracle_miss_mean_pct,switches_per_min_mean,effective_win_pct,availability_win_pct,effective_rank
all,All scenarios,leastload_history_guard_hysteresis_60s,leastLoad-like / history guard + hysteresis / 60s,leastload,400,94.53319444444445,0.5193809990340421,86.93333333333332,99.94444444444444,94.11458333333334,322.28095734063726,26.980397694741413,119.15095861267056,27.4475,3.3680948488621025,242.0,4.226805555555555,0.4869166666666667,15.5,17.75,1
all,All scenarios,leastping_default_60s,leastPing / default strategy / 60s,leastping,400,94.3488888888889,0.5023938912537691,88.15555555555557,99.94444444444444,94.06555555555555,327.63857737016485,25.700196689076517,107.88776913769784,27.2575,3.0804852873195587,232.0,4.4111111111111105,0.5523333333333333,18.0,17.5,2
all,All scenarios,leastload_latest_hysteresis_60s,leastLoad-like / latest health + hysteresis / 60s,leastload,400,93.605,0.5956243952129594,84.2611111111111,99.94444444444444,93.37430555555555,361.7441454722118,30.28988325922972,93.98988604777334,33.065,4.007958520072421,307.0,5.155,0.24408333333333332,19.5,17.5,3
all,All scenarios,leastload_expected_cost_60s,leastLoad-like / expected outcome / 60s,leastload,400,93.28291666666667,0.6420907879783078,84.32777777777777,99.94444444444444,92.88569444444445,380.3881912005876,33.052162993766196,108.79639772331147,36.2075,4.272627671814616,307.0,5.477083333333334,0.19566666666666666,19.25,18.0,4
all,All scenarios,leastload_success_rate_60s,leastLoad-like / success rate first / 60s,leastload,400,93.27236111111111,0.6424026408328737,84.32777777777777,99.94444444444444,92.77375,381.66541140200644,33.11629035564404,113.11467867050669,36.2425,4.2747821793987075,307.0,5.487638888888889,0.1965833333333333,19.25,17.75,5
all,All scenarios,leastping_default_120s,leastPing / default strategy / 120s,leastping,400,93.21888888888888,0.581974195341757,85.59444444444445,99.94444444444444,92.80916666666666,385.96751254007177,29.674299299733452,119.6794824964091,33.9525,3.5767524913520212,241.0,5.54111111111111,0.3015,13.5,14.5,6
all,All scenarios,leastload_reliability_lcb_60s,leastLoad-like / reliability confidence / 60s,leastload,400,93.24541666666666,0.6339629606899769,84.4888888888889,99.83888888888887,91.36388888888888,405.24744883415974,32.05512351844082,239.20903971926356,36.2725,4.222929472549,307.0,5.514583333333333,0.4821666666666667,2.5,8.0,7
all,All scenarios,leastload_tolerance_10_60s,leastLoad / tolerance 10% / 60s,leastload,400,92.46208333333334,0.6977336997962752,82.31666666666666,99.94444444444444,92.04611111111112,422.3142996274094,35.64034799363556,109.52756527433516,45.78,5.249479016442772,333.0,6.297916666666667,0.32775,5.25,14.75,8
all,All scenarios,leastload_history_guard_60s,leastLoad-like / history guard / 60s,leastload,400,94.57972222222223,0.47885780751596796,87.51111111111112,99.33888888888887,86.58555555555554,424.5108622208302,21.86199223567042,477.689515173391,21.8575,3.054976117768075,253.0,4.1802777777777775,4.831666666666667,5.75,13.0,9
all,All scenarios,leastping_v2rayng_default_180s,leastPing / v2rayNG default / 180s,leastping,400,92.29388888888889,0.6744418379117653,82.87222222222222,99.94444444444444,91.89736111111111,432.0379560484037,34.24311240321076,120.00411513654001,41.7425,4.73085586233775,217.0,6.466111111111111,0.20141666666666666,14.25,14.0,10
all,All scenarios,leastload_tolerance_20_60s,leastLoad / tolerance 20% / 60s,leastload,400,91.70458333333335,0.7892628050431243,80.78333333333333,99.94444444444444,91.36583333333334,458.23331291908704,40.03409192130587,104.51613570263464,52.045,6.33320800324034,422.0,7.055416666666666,0.32008333333333333,4.75,14.25,11
all,All scenarios,leastping_default_300s,leastPing / default strategy / 300s,leastping,400,91.19194444444446,0.7882910966108017,81.15555555555555,99.94444444444444,90.72791666666666,487.5040678947235,39.83719804791586,121.09269823358099,49.5775,6.068665262741982,306.0,7.5680555555555555,0.12591666666666668,14.75,14.25,12
all,All scenarios,leastload_tolerance_30_60s,leastLoad / tolerance 30% / 60s,leastload,400,90.84833333333334,0.8818464307192325,77.92777777777778,99.94444444444444,90.56958333333334,499.24219732569844,44.43754466733616,99.194020318737,59.0825,7.5283102984573365,444.0,7.911666666666666,0.32008333333333333,5.25,13.75,13
all,All scenarios,leastload_tuned_e2_60s,leastLoad / e2 s5 tol40 / 60s,leastload,400,90.6625,0.7129870714559273,80.66111111111113,99.72222222222223,90.19763888888889,517.9680020742711,36.129574300932134,130.36346764872007,26.555,3.7787289243137123,200.0,8.0975,29.926833333333335,0.5,4.25,14
all,All scenarios,leastload_tolerance_40_60s,leastLoad / tolerance 40% / 60s,leastload,400,90.09555555555555,0.975562325801995,76.60555555555555,99.94444444444444,89.82263888888889,536.0626951823658,48.98843714471768,95.99227609757315,64.3525,8.542932660339723,467.0,8.664444444444445,0.32158333333333333,5.5,14.0,15
all,All scenarios,leastload_tolerance_50_60s,leastLoad / tolerance 50% / 60s,leastload,400,89.4011111111111,1.0609692706922362,74.53888888888889,99.94444444444444,89.14138888888888,570.1456066626738,53.148617982765906,93.68224173725221,71.2425,9.769491426180974,563.0,9.35888888888889,0.31758333333333333,4.5,12.75,16
all,All scenarios,roundrobin_health_60s,roundRobin / health 60s,roundrobin,400,91.21555555555555,0.602905472898646,81.54444444444445,98.44444444444444,83.02430555555554,595.8675384684317,27.011740082610526,525.7032974996582,14.825,2.9382686331050203,196.0,7.544444444444444,58.711083333333335,0.0,0.0,17
all,All scenarios,random_health_60s,random / health 60s,random,400,91.20333333333333,0.6015423031811418,82.10000000000001,98.28333333333333,83.01055555555554,596.2632192290506,26.937580637244128,526.1012207426179,15.785,3.0066096258742414,244.0,7.556666666666667,51.306416666666664,0.0,0.0,18
all,All scenarios,leastload_v2rayng_burst_300s,leastLoad / v2rayNG burst default / 300s,leastload,400,89.37208333333334,0.9963028911770346,75.49444444444444,99.83333333333333,87.86902777777777,597.8482141622895,49.9079097944154,215.84392523347978,58.905,7.672210465088844,447.0,9.387916666666666,0.2945,3.5,7.75,19
all,All scenarios,leastload_tolerance_70_60s,leastLoad / tolerance 70% / 60s,leastload,400,88.21791666666667,1.2386508508998944,70.59444444444445,99.94444444444444,87.96652777777777,628.6282280989814,61.894726802442804,91.43173300888347,81.7575,12.037996779360743,677.0,10.542083333333332,0.31866666666666665,4.5,12.5,20
all,All scenarios,roundrobin_health_120s,roundRobin / health 120s,roundrobin,400,90.21180555555554,0.6458601735419961,80.72222222222223,98.01111111111112,82.02527777777777,645.3570494314841,28.719803872800014,529.6498445309547,15.7425,3.03295238848746,217.0,8.548194444444444,58.82358333333334,0.0,0.0,21
all,All scenarios,leastload_mean_latency_60s,leastLoad-like / mean latency first / 60s,leastload,400,87.74291666666666,1.3642218983907841,67.69999999999999,99.94444444444444,87.64069444444445,646.1269606956118,68.03797699338125,69.62936547077977,85.045,14.039187895816543,1039.0,11.017083333333332,0.14258333333333334,20.0,17.5,22
all,All scenarios,random_health_120s,random / health 120s,random,400,90.14388888888888,0.6541293331215419,80.33333333333333,98.00555555555556,81.90777777777777,649.0153899318962,29.091429489765822,529.0867856215154,16.115,2.9609907257132155,259.0,8.616111111111111,51.37333333333333,0.0,0.0,23
all,All scenarios,leastload_default_60s,leastLoad / default strategy settings / 60s,leastload,400,87.21291666666666,1.3675082118760686,66.1388888888889,99.94444444444444,86.95111111111112,678.6963252722319,68.28204653995778,95.70096332490617,87.2975,13.04710409515502,774.0,11.547083333333333,0.325,4.25,12.0,24
all,All scenarios,leastload_tolerance_100_60s,leastLoad / tolerance 100% / 60s,leastload,400,87.21291666666666,1.3675082118760686,66.1388888888889,99.94444444444444,86.95111111111112,678.6963252722319,68.28204653995778,95.70096332490617,87.2975,13.04710409515502,774.0,11.547083333333333,0.325,4.25,12.0,25
all,All scenarios,random_health_300s,random / health 300s,random,400,88.72611111111111,0.757004995626135,77.35,97.77777777777777,80.53277777777777,718.6219301293296,33.96654515867726,533.8650248095076,18.5725,3.469010620215883,249.0,10.033888888888889,51.165166666666664,0.0,0.0,26
all,All scenarios,roundrobin_health_300s,roundRobin / health 300s,roundrobin,400,88.68458333333334,0.7580414081812319,76.85555555555555,97.83888888888887,80.49388888888889,720.3131312335815,34.009844871675725,533.2403040841623,17.1275,3.5369543652439495,249.0,10.075416666666666,58.70975000000001,0.0,0.0,27
all,All scenarios,leastload_default_300s,leastLoad / default strategy settings / 300s,leastload,400,85.63861111111112,1.7276228239331783,55.13333333333333,99.88888888888889,84.90402777777777,769.1772209926233,85.96138432451,157.69361133611466,100.625,17.10096461028884,881.0,13.12138888888889,0.17641666666666667,5.0,11.5,28
all,All scenarios,leastload_default_120s,leastLoad / default strategy settings / 120s,leastload,400,85.01569444444445,1.7337637399470371,56.8111111111111,99.94444444444444,84.61875,791.1173054862329,86.39331161979902,119.49749037027732,109.3925,17.460318410337322,1003.0,13.744305555555556,0.2328333333333333,6.25,13.0,29
all,All scenarios,random_blind,random / no health,random,400,81.15805555555556,1.7189927422310145,50.87222222222222,97.4,72.80194444444444,1092.8626217708893,81.22746503686652,560.4618351968402,17.635,3.0336335664493452,226.0,17.60194444444444,54.06591666666666,0.0,0.0,30
all,All scenarios,roundrobin_blind,roundRobin / no health,roundrobin,400,81.10555555555555,1.725591799734805,52.38333333333333,97.50555555555556,72.79277777777777,1094.9553356766744,81.54876541932836,559.8498286949966,16.3,2.9898081692220213,206.0,17.654444444444444,59.96666666666667,0.0,0.0,31
mixed_real_world,Mixed real-world fleet,leastload_history_guard_hysteresis_60s,leastLoad-like / history guard + hysteresis / 60s,leastload,50,95.82111111111111,0.8257324583109256,91.7,99.61111111111111,95.43222222222222,258.0506277361894,43.194913004935984,115.97502374484357,22.0,7.144225225294815,176.0,4.1,0.46266666666666667,10.0,10.0,1
mixed_real_world,Mixed real-world fleet,leastload_expected_cost_60s,leastLoad-like / expected outcome / 60s,leastload,50,95.48444444444445,1.0747399622480636,91.34444444444443,99.83888888888889,95.36555555555555,269.60967299266156,54.58514879165783,88.42623246018404,25.42,12.105247737228867,307.0,4.4366666666666665,0.1733333333333333,22.0,20.0,2
mixed_real_world,Mixed real-world fleet,leastload_success_rate_60s,leastLoad-like / success rate first / 60s,leastload,50,95.48555555555555,1.0745491370324607,91.34444444444443,99.83888888888889,95.30777777777777,269.8913147701969,54.652613065927106,89.83039600305524,25.42,12.105247737228867,307.0,4.435555555555555,0.17266666666666666,22.0,20.0,3
mixed_real_world,Mixed real-world fleet,leastping_default_60s,leastPing / default strategy / 60s,leastping,50,95.19888888888889,0.7984837117413447,91.99444444444444,98.7388888888889,95.05555555555554,284.89854953577816,42.12859198752859,103.48665612315759,21.86,4.049292150119021,65.0,4.722222222222222,0.5973333333333334,12.0,8.0,4
mixed_real_world,Mixed real-world fleet,leastload_latest_hysteresis_60s,leastLoad-like / latest health + hysteresis / 60s,leastload,50,94.94333333333334,1.1388649528331665,89.69999999999999,99.78888888888889,94.86333333333334,292.20165108120256,58.20706681921785,75.51491460821867,25.44,12.098979711139311,307.0,4.977777777777778,0.21333333333333332,16.0,18.0,5
mixed_real_world,Mixed real-world fleet,leastload_tolerance_10_60s,leastLoad / tolerance 10% / 60s,leastload,50,94.95222222222223,1.2748096805267686,90.3611111111111,99.57777777777778,94.71666666666665,296.43856500863683,64.28372058596321,90.50982762020952,30.5,13.556316902879571,325.0,4.968888888888889,0.2906666666666667,12.0,18.0,6
mixed_real_world,Mixed real-world fleet,leastload_tolerance_20_60s,leastLoad / tolerance 20% / 60s,leastload,50,94.60444444444445,1.5356087477114577,90.07222222222222,99.52222222222223,94.53,310.3624562285912,76.60918086519241,71.26079857420115,29.58,14.158411236274004,353.0,5.316666666666666,0.28600000000000003,14.0,18.0,7
mixed_real_world,Mixed real-world fleet,leastload_reliability_lcb_60s,leastLoad-like / reliability confidence / 60s,leastload,50,95.22666666666666,1.0053483737453208,91.27777777777777,99.29444444444444,92.64555555555555,315.5220533720508,52.90503342607403,297.0786547677629,27.86,12.087077493395757,307.0,4.694444444444445,0.48266666666666663,6.0,8.0,8
mixed_real_world,Mixed real-world fleet,leastload_tolerance_30_60s,leastLoad / tolerance 30% / 60s,leastload,50,94.27444444444446,1.5530031251447336,89.02222222222223,99.57222222222224,94.20222222222223,325.8578134573025,77.54011859961355,67.61101495343205,29.96,14.124176522592318,353.0,5.6466666666666665,0.28600000000000003,10.0,16.0,9
mixed_real_world,Mixed real-world fleet,leastping_default_120s,leastPing / default strategy / 120s,leastping,50,94.39555555555555,0.9295813377349227,90.58333333333334,98.21111111111112,94.18888888888888,327.2296517952508,48.31493453167437,111.42750454754858,24.9,4.855776228781184,104.0,5.525555555555555,0.31866666666666665,10.0,10.0,10
mixed_real_world,Mixed real-world fleet,leastload_history_guard_60s,leastLoad-like / history guard / 60s,leastload,50,97.01333333333334,0.4263563878925717,95.05000000000001,98.62222222222222,87.25111111111111,327.9557297393919,25.49494112782126,588.2162877020988,11.1,2.0540014383762077,37.0,2.9077777777777776,5.261333333333333,2.0,24.0,11
mixed_real_world,Mixed real-world fleet,leastload_tolerance_40_60s,leastLoad / tolerance 40% / 60s,leastload,50,93.78888888888889,1.7180550198440825,89.02222222222223,99.57222222222224,93.60111111111111,350.5180160195854,85.84428960071989,76.57398155003804,31.02,14.133823605208562,353.0,6.132222222222222,0.2846666666666666,12.0,16.0,12
mixed_real_world,Mixed real-world fleet,leastload_tolerance_50_60s,leastLoad / tolerance 50% / 60s,leastload,50,93.18222222222222,1.9824357303161533,88.71111111111112,99.07222222222222,92.99444444444445,380.56424553478405,98.87342301745977,76.85231583774775,34.42,14.811625047303798,353.0,6.738888888888889,0.2793333333333333,8.0,12.0,13
mixed_real_world,Mixed real-world fleet,leastping_v2rayng_default_180s,leastPing / v2rayNG default / 180s,leastping,50,93.20333333333333,1.3196125377218753,88.16111111111111,98.77777777777777,92.95444444444445,385.67394149237384,68.61369607908269,105.18579935378945,27.1,6.087308958916291,101.0,6.717777777777778,0.20800000000000002,8.0,8.0,14
mixed_real_world,Mixed real-world fleet,leastload_mean_latency_60s,leastLoad-like / mean latency first / 60s,leastload,50,92.88333333333334,2.1799135352822487,87.49444444444444,99.77777777777777,92.86666666666666,390.49538220515444,108.76849076230953,58.524714346201684,33.78,17.617215751412814,353.0,7.037777777777778,0.12466666666666666,20.0,18.0,15
mixed_real_world,Mixed real-world fleet,leastload_tolerance_70_60s,leastLoad / tolerance 70% / 60s,leastload,50,92.77666666666666,2.084306521305369,88.33333333333333,99.07222222222222,92.58888888888889,400.8820520625949,104.022262102512,78.20497271181051,37.78,15.560641012281572,353.0,7.144444444444445,0.2866666666666667,6.0,10.0,16
mixed_real_world,Mixed real-world fleet,leastping_default_300s,leastPing / default strategy / 300s,leastping,50,92.69777777777777,1.3976353703195423,86.36111111111111,98.42777777777778,92.30222222222223,411.0993621238671,71.56616761679649,109.57172340044013,32.56,8.466701881278711,185.0,7.223333333333334,0.12133333333333333,10.0,10.0,17
mixed_real_world,Mixed real-world fleet,leastload_default_60s,leastLoad / default strategy settings / 60s,leastload,50,92.37333333333333,2.0601741848476456,87.63333333333333,98.57222222222222,92.17888888888889,421.0278973107236,102.79120885044692,78.62166486719345,41.76,15.630351872007997,353.0,7.547777777777777,0.29600000000000004,6.0,8.0,18
mixed_real_world,Mixed real-world fleet,leastload_tolerance_100_60s,leastLoad / tolerance 100% / 60s,leastload,50,92.37333333333333,2.0601741848476456,87.63333333333333,98.57222222222222,92.17888888888889,421.0278973107236,102.79120885044692,78.62166486719345,41.76,15.630351872007997,353.0,7.547777777777777,0.29600000000000004,6.0,8.0,19
mixed_real_world,Mixed real-world fleet,leastload_tuned_e2_60s,leastLoad / e2 s5 tol40 / 60s,leastload,50,91.91444444444446,0.9594134535183326,87.16666666666669,96.38888888888889,91.7,452.8371223294991,48.51476291796563,107.14129165136768,12.9,2.348840506922446,39.0,8.006666666666666,30.02133333333333,0.0,0.0,20
mixed_real_world,Mixed real-world fleet,leastload_v2rayng_burst_300s,leastLoad / v2rayNG burst default / 300s,leastload,50,92.21444444444445,1.3601647565580546,85.49444444444444,97.17222222222222,89.97888888888889,465.34805593042734,69.5063420136337,237.63867695568788,38.1,11.528752876360931,261.0,7.706666666666666,0.30066666666666664,2.0,2.0,21
mixed_real_world,Mixed real-world fleet,leastload_default_300s,leastLoad / default strategy settings / 300s,leastload,50,91.59555555555555,2.0627038073504114,85.72222222222221,99.27777777777779,91.02777777777777,474.9207609394357,102.12448624540049,159.13771629204118,43.64,17.687803786817565,287.0,8.325555555555555,0.19466666666666665,6.0,10.0,22
mixed_real_world,Mixed real-world fleet,leastload_default_120s,leastLoad / default strategy settings / 120s,leastload,50,91.25555555555555,2.33848324390074,82.5,98.72222222222223,91.01222222222222,481.8857494034688,117.66706120293854,112.54010083475563,54.38,23.12894365014176,344.0,8.665555555555555,0.22866666666666668,6.0,8.0,23
mixed_real_world,Mixed real-world fleet,roundrobin_health_60s,roundRobin / health 60s,roundrobin,50,93.34111111111112,0.5301333359806691,91.0,95.61111111111111,85.03888888888889,496.5910431641962,28.377580218711067,585.470134671965,5.6,2.0825486264715085,49.0,6.58,59.67333333333333,0.0,0.0,24
mixed_real_world,Mixed real-world fleet,random_health_60s,random / health 60s,random,50,93.15888888888888,0.5471021005186069,90.87222222222222,95.39444444444445,84.88555555555554,505.04858654830014,29.66762832096667,583.9947899882159,6.28,1.7918632237721215,42.0,6.7622222222222215,53.21533333333334,0.0,0.0,25
mixed_real_world,Mixed real-world fleet,roundrobin_health_120s,roundRobin / health 120s,roundrobin,50,92.16777777777777,0.6154627586946443,88.93333333333332,95.0,83.88666666666666,553.6484284464715,32.639050139257996,588.1697118262914,5.38,1.451562315019326,27.0,7.753333333333334,59.816,0.0,0.0,26
mixed_real_world,Mixed real-world fleet,random_health_120s,random / health 120s,random,50,92.11,0.6459799815482558,89.28333333333333,94.83888888888887,83.78555555555555,557.1128234469237,34.03739787185313,588.2380648220725,6.52,1.1809798131546774,20.0,7.811111111111111,53.396,0.0,0.0,27
mixed_real_world,Mixed real-world fleet,random_health_300s,random / health 300s,random,50,90.98444444444445,0.7831033338447468,87.30000000000001,94.27222222222223,82.72444444444446,611.0607934424179,38.838070521975645,587.425205036137,8.04,2.543107363091725,55.0,8.936666666666666,52.662,0.0,0.0,28
mixed_real_world,Mixed real-world fleet,roundrobin_health_300s,roundRobin / health 300s,roundrobin,50,90.88222222222223,0.7896025466117013,87.32222222222222,94.16666666666667,82.58222222222223,616.6295978765693,39.162545106273754,587.0138193473756,6.78,2.476199891658666,49.0,9.03888888888889,59.14666666666667,0.0,0.0,29
mixed_real_world,Mixed real-world fleet,roundrobin_blind,roundRobin / no health,roundrobin,50,84.77777777777777,1.8297253526591661,77.91666666666667,91.92777777777778,77.01333333333334,912.7993592766196,89.957046779447,594.0327269245857,5.96,1.4229146638965227,28.0,15.143333333333333,59.96666666666667,0.0,0.0,30
mixed_real_world,Mixed real-world fleet,random_blind,random / no health,random,50,84.61,1.8798086326895467,77.46666666666667,92.63333333333334,76.97666666666667,920.6807657360775,92.13801349490451,592.7559830935729,7.82,1.3548121365168104,28.0,15.31111111111111,54.254666666666665,0.0,0.0,31
mostly_healthy,Mostly healthy fleet,leastload_history_guard_hysteresis_60s,leastLoad-like / history guard + hysteresis / 60s,leastload,50,98.51333333333334,0.7119142969494484,95.32777777777778,100.0,98.46222222222222,95.72096512217063,36.59964685679723,37.70110059242161,8.54,3.3355109304345847,39.0,1.4577777777777776,0.12066666666666666,28.0,40.0,1
mostly_healthy,Mostly healthy fleet,leastping_default_60s,leastPing / default strategy / 60s,leastping,50,98.29222222222222,0.6377151141238638,95.22222222222223,100.0,98.27111111111111,103.23803083001363,32.01673184670593,31.843697421618167,13.26,4.544286174974919,64.0,1.6788888888888889,0.25,28.0,36.0,2
mostly_healthy,Mostly healthy fleet,leastload_latest_hysteresis_60s,leastLoad-like / latest health + hysteresis / 60s,leastload,50,98.07666666666665,0.8206336932726507,93.8,100.0,98.07333333333334,113.43363138377156,41.276122653114506,23.69565406906408,10.62,4.415280946050396,74.0,1.8944444444444446,0.04066666666666666,50.0,46.0,3
mostly_healthy,Mostly healthy fleet,leastping_default_120s,leastPing / default strategy / 120s,leastping,50,98.07888888888888,0.7676345969030938,93.77777777777777,100.0,98.04,114.33383758131764,38.35327938090963,34.72273741741706,12.86,4.812647477234738,74.0,1.8922222222222222,0.13133333333333333,34.0,32.0,4
mostly_healthy,Mostly healthy fleet,leastload_tolerance_10_60s,leastLoad / tolerance 10% / 60s,leastload,50,98.12555555555555,0.6842635767099323,95.07222222222222,100.0,98.11222222222223,114.48418976809613,34.43485430587756,37.38025640565318,13.24,4.523431516799589,74.0,1.8455555555555554,0.26266666666666666,2.0,26.0,5
mostly_healthy,Mostly healthy fleet,leastload_tolerance_20_60s,leastLoad / tolerance 20% / 60s,leastload,50,97.82777777777777,0.8826101850361794,94.85555555555555,100.0,97.81444444444445,128.07002116792452,43.85881342396403,35.330247660542405,13.94,4.795595951125261,74.0,2.1433333333333335,0.24666666666666665,2.0,26.0,6
mostly_healthy,Mostly healthy fleet,leastload_success_rate_60s,leastLoad-like / success rate first / 60s,leastload,50,97.80333333333334,0.9827981495603347,92.82777777777777,100.0,97.75222222222223,128.86656224487402,50.5249309382051,36.904651635033716,13.2,4.998817181719601,74.0,2.167777777777778,0.07,44.0,42.0,7
mostly_healthy,Mostly healthy fleet,leastload_expected_cost_60s,leastLoad-like / expected outcome / 60s,leastload,50,97.80333333333334,0.9827981495603347,92.82777777777777,100.0,97.75222222222223,128.86656224487402,50.5249309382051,36.904651635033716,13.2,4.998817181719601,74.0,2.167777777777778,0.07,44.0,42.0,8
mostly_healthy,Mostly healthy fleet,leastload_tolerance_30_60s,leastLoad / tolerance 30% / 60s,leastload,50,97.60555555555555,0.9636600294005299,91.72222222222221,100.0,97.6,138.4621761205114,47.815231738525156,30.65020872034686,14.26,4.8464342475453455,74.0,2.3655555555555554,0.24333333333333332,2.0,26.0,9
mostly_healthy,Mostly healthy fleet,leastload_reliability_lcb_60s,leastLoad-like / reliability confidence / 60s,leastload,50,98.01444444444445,0.9041131667632637,94.86111111111111,99.95,97.18777777777777,139.12942309832758,47.17400097846355,169.5381268655175,11.32,3.858582274461363,58.0,1.9566666666666666,0.452,4.0,20.0,10
mostly_healthy,Mostly healthy fleet,leastload_tolerance_50_60s,leastLoad / tolerance 50% / 60s,leastload,50,97.52,0.9861251946371881,91.82222222222222,100.0,97.51111111111112,142.90203680710215,49.01601990808214,32.54056203640922,14.26,4.8464342475453455,74.0,2.451111111111111,0.24466666666666664,2.0,26.0,11
mostly_healthy,Mostly healthy fleet,leastload_tolerance_40_60s,leastLoad / tolerance 40% / 60s,leastload,50,97.52111111111111,0.987143661786877,91.92222222222223,100.0,97.51222222222222,142.96444205957837,49.15473837077335,33.39009366510699,14.26,4.8464342475453455,74.0,2.45,0.24866666666666667,2.0,26.0,12
mostly_healthy,Mostly healthy fleet,leastload_default_60s,leastLoad / default strategy settings / 60s,leastload,50,97.51111111111112,0.984646952469351,91.82222222222222,100.0,97.50222222222223,143.37340733723045,48.94271472841736,32.798730492561695,14.32,4.83743954958862,74.0,2.46,0.244,2.0,26.0,13
mostly_healthy,Mostly healthy fleet,leastload_tolerance_70_60s,leastLoad / tolerance 70% / 60s,leastload,50,97.51111111111112,0.984646952469351,91.82222222222222,100.0,97.50222222222223,143.37340733723045,48.94271472841736,32.798730492561695,14.32,4.83743954958862,74.0,2.46,0.244,2.0,26.0,14
mostly_healthy,Mostly healthy fleet,leastload_tolerance_100_60s,leastLoad / tolerance 100% / 60s,leastload,50,97.51111111111112,0.984646952469351,91.82222222222222,100.0,97.50222222222223,143.37340733723045,48.94271472841736,32.798730492561695,14.32,4.83743954958862,74.0,2.46,0.244,2.0,26.0,15
mostly_healthy,Mostly healthy fleet,leastping_default_300s,leastPing / default strategy / 300s,leastping,50,97.38,1.1888420480195625,92.62777777777777,100.0,97.32,149.78329784900245,59.197043788798126,35.012447652527335,13.74,5.291502579677292,74.0,2.5911111111111107,0.04933333333333333,44.0,44.0,16
mostly_healthy,Mostly healthy fleet,leastping_v2rayng_default_180s,leastPing / v2rayNG default / 180s,leastping,50,97.35222222222222,1.0837449742942786,91.0,100.0,97.31777777777778,150.35026985732284,54.260311767416724,34.859932148916066,15.46,5.389045048478081,74.0,2.6188888888888893,0.09533333333333333,40.0,36.0,17
mostly_healthy,Mostly healthy fleet,leastload_mean_latency_60s,leastLoad-like / mean latency first / 60s,leastload,50,97.19777777777777,1.1678213182639432,91.15,100.0,97.19777777777777,155.97121718459078,58.07912943730427,20.39853242121999,15.56,5.566613381632399,74.0,2.773333333333333,0.037333333333333336,48.0,42.0,18
mostly_healthy,Mostly healthy fleet,leastload_default_120s,leastLoad / default strategy settings / 120s,leastload,50,97.08444444444446,1.0773463646250079,91.38888888888889,100.0,97.01777777777778,165.82013974147844,53.78839696772198,38.19978234884865,15.98,5.382077613398441,71.0,2.8866666666666667,0.16933333333333334,12.0,36.0,19
mostly_healthy,Mostly healthy fleet,leastload_tuned_e2_60s,leastLoad / e2 s5 tol40 / 60s,leastload,50,97.12666666666667,0.7749700903608604,93.28888888888888,99.94444444444444,97.02333333333334,170.08446171997952,38.823609391587034,59.194115593830745,6.7,2.8080946281976957,61.0,2.8444444444444446,30.11733333333333,0.0,12.0,20
mostly_healthy,Mostly healthy fleet,leastload_v2rayng_burst_300s,leastLoad / v2rayNG burst default / 300s,leastload,50,97.22666666666666,0.9787943610168826,91.82777777777778,99.95,96.71777777777777,182.64865511509265,49.798761049310336,146.32567798487446,15.5,6.4462541432230935,136.0,2.7444444444444445,0.278,4.0,18.0,21
mostly_healthy,Mostly healthy fleet,leastload_default_300s,leastLoad / default strategy settings / 300s,leastload,50,96.65333333333334,1.3656050214681916,90.03888888888889,99.95,96.40555555555555,193.66792601569873,68.2654861154626,73.82624044581459,14.24,5.128807700949281,74.0,3.3177777777777777,0.132,2.0,20.0,22
mostly_healthy,Mostly healthy fleet,leastload_history_guard_60s,leastLoad-like / history guard / 60s,leastload,50,98.41444444444446,0.3551086604257067,97.05,99.55555555555557,91.18222222222222,229.9697189745517,21.094546655588168,528.1177797020085,6.94,1.8268866643175334,30.0,1.5566666666666666,5.926666666666666,0.0,12.0,23
mostly_healthy,Mostly healthy fleet,roundrobin_health_60s,roundRobin / health 60s,roundrobin,50,97.01,0.3666832844520489,95.5,98.83333333333333,89.91222222222223,299.4310198096765,18.52252723228204,532.3086871431676,3.48,0.9723619352734109,15.0,2.961111111111111,59.80333333333333,0.0,0.0,24
mostly_healthy,Mostly healthy fleet,random_health_60s,random / health 60s,random,50,96.97555555555554,0.3733710243065326,95.32777777777777,98.66666666666667,89.82222222222222,301.016124034689,19.07909004991753,534.2254006297305,4.06,0.8686010391874806,16.0,2.9955555555555553,53.69533333333334,0.0,0.0,25
mostly_healthy,Mostly healthy fleet,roundrobin_health_120s,roundRobin / health 120s,roundrobin,50,96.59222222222223,0.4662410030162797,94.53888888888889,98.94999999999999,89.56555555555555,319.68691572117206,22.78226879640972,532.918209323037,3.76,1.2145144807096322,19.0,3.378888888888889,59.84133333333333,0.0,0.0,26
mostly_healthy,Mostly healthy fleet,random_health_120s,random / health 120s,random,50,96.58,0.46851553604407675,94.32222222222222,98.90555555555555,89.39444444444445,321.55732136458533,23.223916689283335,535.839155879497,4.16,0.8094496460974364,13.0,3.3911111111111114,53.532,0.0,0.0,27
mostly_healthy,Mostly healthy fleet,random_health_300s,random / health 300s,random,50,95.84111111111112,0.5813162486047643,93.5888888888889,98.48333333333332,88.98333333333333,355.13405808956253,29.278202581898775,531.3322241215835,4.5,1.1397173335679351,21.0,4.13,53.568666666666665,0.0,0.0,28
mostly_healthy,Mostly healthy fleet,roundrobin_health_300s,roundRobin / health 300s,roundrobin,50,95.87,0.5797585839358147,93.92777777777778,98.59444444444445,88.81666666666666,355.147177562981,29.162336861443634,535.4328928975872,3.78,1.10594563678319,18.0,4.101111111111112,59.952,0.0,0.0,29
mostly_healthy,Mostly healthy fleet,random_blind,random / no health,random,50,95.34777777777778,0.6824882926823473,92.1888888888889,98.7388888888889,88.33111111111111,380.5223617781476,33.62470471366637,533.8547051583782,4.74,0.978406819681259,16.0,4.623333333333333,54.034,0.0,0.0,30
mostly_healthy,Mostly healthy fleet,roundrobin_blind,roundRobin / no health,roundrobin,50,95.29333333333334,0.6756817974226714,92.37777777777778,98.54444444444445,88.28222222222223,383.10623589199827,33.01016086808527,535.0876580858651,3.84,0.9977129087608726,18.0,4.677777777777778,59.96666666666667,0.0,0.0,31
latency_ladder,Latency ladder,leastping_default_60s,leastPing / default strategy / 60s,leastping,50,99.36666666666666,0.3129403570665097,97.43888888888888,100.0,99.36555555555555,47.9876806288483,15.905750666925146,23.20508171563267,4.56,2.162049137216896,33.0,0.6066666666666667,0.3213333333333333,36.0,38.0,1
latency_ladder,Latency ladder,leastping_default_120s,leastPing / default strategy / 120s,leastping,50,99.06333333333333,0.4498190322346561,96.77222222222223,100.0,99.06333333333333,63.241870473447634,22.365243562760284,23.577968053725623,6.38,2.9495896754426942,48.0,0.91,0.17,34.0,38.0,2
latency_ladder,Latency ladder,leastload_history_guard_hysteresis_60s,leastLoad-like / history guard + hysteresis / 60s,leastload,50,99.11333333333334,0.4982102447411712,96.89999999999999,100.0,98.78666666666666,66.22967613028989,26.803511514447678,48.78975671227011,5.84,2.805805814361357,40.0,0.86,0.09,24.0,38.0,3
latency_ladder,Latency ladder,leastload_latest_hysteresis_60s,leastLoad-like / latest health + hysteresis / 60s,leastload,50,98.95111111111112,0.6133733251401934,97.04444444444445,100.0,98.95111111111112,68.63121407154327,30.73350293984065,21.2154323222654,6.18,2.837605554550616,43.0,1.0222222222222221,0.034,40.0,30.0,4
latency_ladder,Latency ladder,leastping_v2rayng_default_180s,leastPing / v2rayNG default / 180s,leastping,50,98.87,0.6425629833186983,97.38888888888889,100.0,98.72888888888889,73.96673704697373,33.73692554565264,33.63036223631531,6.82,2.959539652574948,39.0,1.1033333333333333,0.10800000000000001,34.0,32.0,5
latency_ladder,Latency ladder,leastping_default_300s,leastPing / default strategy / 300s,leastping,50,98.83777777777777,0.6182257300362565,94.86666666666667,100.0,98.81777777777778,74.79838882180906,31.708452223591642,25.17252891048253,7.3,3.9707256226274685,66.0,1.1355555555555557,0.07,40.0,36.0,6
latency_ladder,Latency ladder,leastload_expected_cost_60s,leastLoad-like / expected outcome / 60s,leastload,50,98.75666666666666,0.7665434632509085,96.66111111111113,100.0,98.67111111111112,79.39596469333776,39.32738125264358,31.488284481793144,5.94,2.9805148871742553,43.0,1.2166666666666668,0.10733333333333332,42.0,36.0,7
latency_ladder,Latency ladder,leastload_success_rate_60s,leastLoad-like / success rate first / 60s,leastload,50,98.75555555555555,0.7675675920667954,96.66111111111113,100.0,98.45666666666666,81.2457435852982,41.276352061561695,37.221435804519366,5.94,2.9805148871742553,43.0,1.2177777777777778,0.10800000000000001,42.0,36.0,8
latency_ladder,Latency ladder,leastload_default_120s,leastLoad / default strategy settings / 120s,leastload,50,98.81,0.7362546730573086,95.03888888888889,100.0,98.50888888888889,81.26915327102773,36.689873555032726,61.66627978664622,6.94,3.752238184658349,50.0,1.1633333333333333,0.18666666666666668,10.0,28.0,9
latency_ladder,Latency ladder,leastload_tolerance_10_60s,leastLoad / tolerance 10% / 60s,leastload,50,98.65222222222222,0.6971052073955054,96.26111111111112,100.0,98.41333333333334,89.52621647665805,35.37508761998963,56.12095264280034,7.46,3.5680462456106046,50.0,1.3211111111111111,0.278,4.0,40.0,10
latency_ladder,Latency ladder,leastload_tolerance_20_60s,leastLoad / tolerance 20% / 60s,leastload,50,98.43666666666667,0.8198078846438488,95.42222222222223,100.0,98.19777777777777,99.99252332179235,41.46109661925911,56.15308253163936,8.26,3.8424419856285716,52.0,1.5366666666666666,0.2773333333333333,4.0,40.0,11
latency_ladder,Latency ladder,leastload_tuned_e2_60s,leastLoad / e2 s5 tol40 / 60s,leastload,50,98.34111111111112,0.6853815783285506,94.98333333333333,100.0,98.21666666666665,106.20556870748072,34.26719736178346,38.756062390843525,4.12,1.521283838891188,28.0,1.6322222222222222,30.20866666666667,0.0,22.0,12
latency_ladder,Latency ladder,leastload_mean_latency_60s,leastLoad-like / mean latency first / 60s,leastload,50,98.06222222222223,1.083392293625737,94.13333333333333,100.0,98.06222222222223,112.43847060929147,53.94293630948829,19.8830501276035,9.14,4.546902173028023,66.0,1.9111111111111112,0.08800000000000001,46.0,38.0,13
latency_ladder,Latency ladder,leastload_tolerance_30_60s,leastLoad / tolerance 30% / 60s,leastload,50,98.13333333333334,0.9157439874395682,93.19444444444444,100.0,97.89444444444445,114.9277454521808,46.21489175865838,54.11020817926533,8.76,3.918097962972246,52.0,1.84,0.2753333333333333,4.0,40.0,14
latency_ladder,Latency ladder,leastload_tolerance_40_60s,leastLoad / tolerance 40% / 60s,leastload,50,98.10666666666665,0.9206506726491848,93.19444444444444,100.0,97.86777777777777,116.31889590967036,46.608878405267575,54.33411185977188,8.8,3.9292271996354566,52.0,1.8666666666666665,0.27466666666666667,4.0,40.0,15
latency_ladder,Latency ladder,leastload_tolerance_50_60s,leastLoad / tolerance 50% / 60s,leastload,50,98.10555555555555,0.9208633150418744,93.19444444444444,100.0,97.86666666666666,116.37867346419172,46.626796612809095,54.343432441242165,8.8,3.9292271996354566,52.0,1.8677777777777778,0.27466666666666667,4.0,40.0,16
latency_ladder,Latency ladder,leastload_default_60s,leastLoad / default strategy settings / 60s,leastload,50,98.08333333333334,0.9262391821778474,93.19444444444444,100.0,97.84444444444445,117.48542963198264,47.03164858175464,54.40192896568218,9.02,3.99611631575236,52.0,1.89,0.2733333333333333,4.0,40.0,17
latency_ladder,Latency ladder,leastload_tolerance_70_60s,leastLoad / tolerance 70% / 60s,leastload,50,98.08333333333334,0.9262391821778474,93.19444444444444,100.0,97.84444444444445,117.48542963198264,47.03164858175464,54.40192896568218,9.02,3.99611631575236,52.0,1.89,0.2733333333333333,4.0,40.0,18
latency_ladder,Latency ladder,leastload_tolerance_100_60s,leastLoad / tolerance 100% / 60s,leastload,50,98.08333333333334,0.9262391821778474,93.19444444444444,100.0,97.84444444444445,117.48542963198264,47.03164858175464,54.40192896568218,9.02,3.99611631575236,52.0,1.89,0.2733333333333333,4.0,40.0,19
latency_ladder,Latency ladder,leastload_reliability_lcb_60s,leastLoad-like / reliability confidence / 60s,leastload,50,98.98,0.5770366870648562,97.09444444444445,100.0,94.12333333333333,123.39212506663827,35.030269655936706,397.42826591144177,6.12,2.921317683125705,36.0,0.9933333333333333,0.4653333333333333,0.0,20.0,20
latency_ladder,Latency ladder,leastload_default_300s,leastLoad / default strategy settings / 300s,leastload,50,98.33666666666666,0.7402891290422865,94.7611111111111,100.0,96.69555555555554,124.67470273134685,41.771312457786884,137.98457604495104,9.16,3.8431081513989294,52.0,1.6366666666666665,0.174,6.0,30.0,21
latency_ladder,Latency ladder,leastload_v2rayng_burst_300s,leastLoad / v2rayNG burst default / 300s,leastload,50,98.12555555555555,0.8454821716499108,94.24444444444444,100.0,96.38555555555554,137.78654837634065,43.12105672283168,162.3969036092603,9.04,4.036608075104277,68.0,1.8477777777777777,0.27266666666666667,4.0,22.0,22
latency_ladder,Latency ladder,leastload_history_guard_60s,leastLoad-like / history guard / 60s,leastload,50,99.08222222222223,0.277716470830675,97.60555555555555,99.77777777777777,72.20333333333333,347.1410750166683,29.826807436317626,891.3534094706887,4.02,1.489301278834659,22.0,0.8911111111111112,6.642,0.0,0.0,23
latency_ladder,Latency ladder,random_health_60s,random / health 60s,random,50,98.47444444444446,0.3152806138479712,97.0,99.66666666666667,72.19666666666667,375.5108903486065,28.398106131492195,893.7546454446393,3.2,1.114440047678379,21.0,1.498888888888889,53.84733333333334,0.0,0.0,24
latency_ladder,Latency ladder,roundrobin_health_60s,roundRobin / health 60s,roundrobin,50,98.48555555555555,0.3270510073984969,97.22222222222223,99.61111111111111,72.08777777777777,375.87025127152833,28.534181191529903,898.5781825805128,2.68,1.01099967018691,15.0,1.4877777777777776,59.89266666666666,0.0,0.0,25
latency_ladder,Latency ladder,random_health_120s,random / health 120s,random,50,98.19555555555554,0.40482657611333944,96.61111111111111,99.56111111111112,71.77666666666667,389.53247186666005,30.26179174681537,900.8557905464523,3.46,1.1250743007380644,19.0,1.7777777777777777,53.99933333333333,0.0,0.0,26
latency_ladder,Latency ladder,roundrobin_health_120s,roundRobin / health 120s,roundrobin,50,98.14777777777778,0.4302369094280838,96.67222222222223,99.56111111111112,71.97333333333333,391.5588966601899,31.641423571081482,899.2647484049853,3.22,1.4542904334155047,24.0,1.8255555555555558,59.94666666666667,0.0,0.0,27
latency_ladder,Latency ladder,random_health_300s,random / health 300s,random,50,97.87444444444445,0.5530863751281554,95.73888888888888,99.61111111111111,71.60666666666667,406.1681344862766,33.78765738150661,901.0498774068493,3.66,1.2520775538868856,20.0,2.098888888888889,53.92733333333334,0.0,0.0,28
latency_ladder,Latency ladder,roundrobin_health_300s,roundRobin / health 300s,roundrobin,50,97.86111111111111,0.5691157422657298,95.61111111111111,99.61666666666667,71.55222222222223,406.37813921949675,34.30524461585889,903.3135380189663,3.0,1.243328000255929,23.0,2.1122222222222224,59.95933333333333,0.0,0.0,29
latency_ladder,Latency ladder,roundrobin_blind,roundRobin / no health,roundrobin,50,97.51555555555555,0.6158399000255164,95.14444444444445,99.56111111111112,71.37555555555555,422.3712710843781,36.56483466298634,901.7527771082257,3.1,1.2476376422952054,23.0,2.457777777777778,59.96666666666667,0.0,0.0,30
latency_ladder,Latency ladder,random_blind,random / no health,random,50,97.51555555555555,0.6096171253276436,94.93888888888888,99.56111111111112,71.19,423.8329597921107,36.55474091916111,903.1767038924668,3.18,0.8242697782862731,16.0,2.457777777777778,54.132666666666665,0.0,0.0,31
fast_but_flaky,Fast but flaky,leastload_history_guard_60s,leastLoad-like / history guard / 60s,leastload,50,94.90555555555555,0.5013749155753972,92.51666666666668,97.01666666666668,94.81333333333333,318.44630012653704,24.941679606970478,135.16136273426596,17.58,2.2095977912513938,48.0,5.0055555555555555,4.421333333333333,28.0,28.0,1
fast_but_flaky,Fast but flaky,leastload_history_guard_hysteresis_60s,leastLoad-like / history guard + hysteresis / 60s,leastload,50,93.42666666666666,1.1043611813467722,88.72777777777776,98.32222222222222,93.40444444444445,372.92987011579714,55.20695140411961,81.68039921788062,25.32,3.6981628834722122,60.0,6.484444444444445,0.4606666666666666,10.0,12.0,2
fast_but_flaky,Fast but flaky,leastload_success_rate_60s,leastLoad-like / success rate first / 60s,leastload,50,93.10888888888888,1.2219020517319237,86.3,98.82777777777778,93.09111111111112,386.301718009805,61.74074042883568,73.76344825331043,26.66,4.414053870131731,72.0,6.8022222222222215,0.23733333333333334,12.0,12.0,3
fast_but_flaky,Fast but flaky,leastload_expected_cost_60s,leastLoad-like / expected outcome / 60s,leastload,50,93.10888888888888,1.2219020517319237,86.3,98.82777777777778,93.09111111111112,386.301718009805,61.74074042883568,73.76344825331043,26.66,4.414053870131731,72.0,6.8022222222222215,0.23733333333333334,12.0,12.0,4
fast_but_flaky,Fast but flaky,leastload_reliability_lcb_60s,leastLoad-like / reliability confidence / 60s,leastload,50,93.04777777777777,1.1035881007926438,87.60000000000001,97.96666666666667,93.01333333333334,394.27249133830526,55.74853927044701,93.24497893344046,30.58,5.463577293267585,122.0,6.863333333333333,0.4846666666666667,4.0,6.0,5
fast_but_flaky,Fast but flaky,leastload_tolerance_10_60s,leastLoad / tolerance 10% / 60s,leastload,50,92.55555555555554,1.451234427579164,85.71111111111111,98.65555555555555,92.55111111111111,416.14052564923355,72.23401867038086,76.55046592530913,37.0,9.181277685830361,178.0,7.355555555555555,0.42666666666666664,6.0,12.0,6
fast_but_flaky,Fast but flaky,leastping_default_60s,leastPing / default strategy / 60s,leastping,50,92.18333333333334,0.7052216682036045,88.81666666666666,95.08333333333333,92.12444444444445,435.6294885741481,35.523468527624786,99.03223311457688,26.32,2.7155179971261463,48.0,7.727777777777778,0.77,6.0,6.0,7
fast_but_flaky,Fast but flaky,leastload_tolerance_20_60s,leastLoad / tolerance 20% / 60s,leastload,50,91.97,1.5812136306632416,84.33333333333333,98.39444444444445,91.96555555555555,444.4266978904008,78.61959232560649,74.92164794990863,43.0,15.093492811629526,321.0,7.941111111111111,0.426,6.0,10.0,8
fast_but_flaky,Fast but flaky,leastload_latest_hysteresis_60s,leastLoad-like / latest health + hysteresis / 60s,leastload,50,91.62777777777778,1.1838057007268235,85.04444444444444,97.08888888888889,91.59666666666666,459.98876704536275,59.17128720845985,84.43066269172496,29.18,3.8069814071170445,72.0,8.283333333333333,0.344,6.0,6.0,9
fast_but_flaky,Fast but flaky,leastload_tolerance_30_60s,leastLoad / tolerance 30% / 60s,leastload,50,91.42333333333335,1.6430005237774594,84.07222222222222,98.34444444444443,91.41888888888889,471.37246102111027,81.5741837749217,75.01277902162356,45.48,16.994019280119,324.0,8.487777777777778,0.44066666666666665,6.0,10.0,10
fast_but_flaky,Fast but flaky,leastload_tolerance_40_60s,leastLoad / tolerance 40% / 60s,leastload,50,90.96333333333334,1.6649613574102307,83.69444444444443,98.33888888888889,90.9588888888889,494.04307354079504,82.54721918881705,75.38380082635514,47.84,18.094127687284878,342.0,8.947777777777778,0.4453333333333333,6.0,8.0,11
fast_but_flaky,Fast but flaky,roundrobin_health_60s,roundRobin / health 60s,roundrobin,50,91.36555555555555,0.42921060141942774,89.15,93.12222222222222,91.23888888888888,495.9158947059548,21.236039603308868,142.4016416887299,5.7,1.4644305047782225,25.0,8.545555555555556,59.684,0.0,0.0,12
fast_but_flaky,Fast but flaky,random_health_60s,random / health 60s,random,50,91.26777777777778,0.48801493790989536,88.68333333333334,93.39444444444445,91.16888888888889,500.5081607480638,24.00580410703606,142.30405780495093,6.96,1.5281296724097406,27.0,8.643333333333334,52.56066666666666,0.0,0.0,13
fast_but_flaky,Fast but flaky,leastping_v2rayng_default_180s,leastPing / v2rayNG default / 180s,leastping,50,90.82,1.2141161958799331,85.79444444444444,96.03333333333333,90.76777777777778,504.85119990560946,60.16477295424878,103.55379035615142,35.0,7.491118996277239,170.0,9.091111111111111,0.258,2.0,2.0,14
fast_but_flaky,Fast but flaky,leastload_tolerance_50_60s,leastLoad / tolerance 50% / 60s,leastload,50,90.37444444444444,1.8373007042397982,82.62777777777778,98.33888888888889,90.36888888888889,523.2523736416401,90.94520943490808,75.6557135704164,50.82,19.25766909841232,386.0,9.536666666666667,0.436,6.0,8.0,15
fast_but_flaky,Fast but flaky,leastload_tuned_e2_60s,leastLoad / e2 s5 tol40 / 60s,leastload,50,90.21777777777777,0.987086600043201,86.52222222222223,94.14444444444445,90.21222222222222,534.9802670288647,48.70544327941645,87.06017555372358,17.38,3.7586062186388167,71.0,9.693333333333333,30.26,0.0,0.0,16
fast_but_flaky,Fast but flaky,leastping_default_120s,leastPing / default strategy / 120s,leastping,50,90.18333333333334,1.0184979499867965,86.4388888888889,93.87222222222222,90.11777777777777,535.3761117338536,50.6810988642655,99.1907603572066,33.08,4.419374966947258,112.0,9.727777777777778,0.4193333333333333,0.0,0.0,17
fast_but_flaky,Fast but flaky,roundrobin_health_120s,roundRobin / health 120s,roundrobin,50,90.13111111111111,0.6104420320123571,86.7611111111111,92.56666666666666,89.98777777777778,557.0090761490034,29.932721441487743,143.07587028603228,5.94,1.3893818046108468,24.0,9.78,59.72333333333333,0.0,0.0,18
fast_but_flaky,Fast but flaky,leastload_tolerance_70_60s,leastLoad / tolerance 70% / 60s,leastload,50,89.57111111111111,2.299282419556854,81.66111111111111,98.33888888888889,89.56555555555555,563.0025455381451,113.77741515868702,75.64885290452231,59.16,24.755552426247686,496.0,10.34,0.43333333333333335,6.0,8.0,19
fast_but_flaky,Fast but flaky,random_health_120s,random / health 120s,random,50,89.98,0.6181755969221991,86.5,92.28333333333333,89.85222222222222,564.6787172688278,30.30951781197561,143.7808636147943,7.16,1.2424775706076883,19.0,9.931111111111111,52.687333333333335,0.0,0.0,20
fast_but_flaky,Fast but flaky,leastping_default_300s,leastPing / default strategy / 300s,leastping,50,89.33111111111111,1.2966426705988878,83.57777777777778,94.56111111111112,89.27444444444446,579.0550336531483,64.5055857553956,100.0226364433531,43.78,10.66679661643978,255.0,10.58,0.16866666666666666,0.0,2.0,21
fast_but_flaky,Fast but flaky,leastload_v2rayng_burst_300s,leastLoad / v2rayNG burst default / 300s,leastload,50,89.46222222222222,1.859052671856615,80.22222222222223,96.27777777777779,89.39777777777778,580.3371216976711,92.16218775032641,111.61146400840359,47.92,17.399269401954268,447.0,10.44888888888889,0.37066666666666664,2.0,2.0,22
fast_but_flaky,Fast but flaky,leastload_default_60s,leastLoad / default strategy settings / 60s,leastload,50,88.98888888888888,2.550480828399352,80.60555555555555,98.33888888888889,88.98333333333333,592.0233504503601,126.23589239017412,76.5400439555503,64.62,27.28422973011771,529.0,10.922222222222222,0.436,6.0,8.0,23
fast_but_flaky,Fast but flaky,leastload_tolerance_100_60s,leastLoad / tolerance 100% / 60s,leastload,50,88.98888888888888,2.550480828399352,80.60555555555555,98.33888888888889,88.98333333333333,592.0233504503601,126.23589239017412,76.5400439555503,64.62,27.28422973011771,529.0,10.922222222222222,0.436,6.0,8.0,24
fast_but_flaky,Fast but flaky,random_health_300s,random / health 300s,random,50,89.13888888888889,0.7646016328007736,85.75555555555556,92.6,88.98333333333333,606.0992600416129,37.693530655112305,143.9521719350388,7.04,1.1039576937273992,18.0,10.772222222222222,52.68666666666667,0.0,0.0,25
fast_but_flaky,Fast but flaky,roundrobin_health_300s,roundRobin / health 300s,roundrobin,50,89.06333333333333,0.7115021102955964,85.25555555555556,92.22777777777777,88.93777777777777,609.6593729529748,35.04164272553278,143.8422268989886,5.52,1.219508482835371,25.0,10.847777777777779,59.943999999999996,0.0,0.0,26
fast_but_flaky,Fast but flaky,leastload_mean_latency_60s,leastLoad-like / mean latency first / 60s,leastload,50,87.92888888888889,2.4559432510360395,77.77222222222221,96.88333333333334,87.92555555555555,638.8366175362567,121.61641180529503,61.24714224182083,54.44,21.669413502936678,414.0,11.982222222222221,0.22466666666666665,10.0,10.0,27
fast_but_flaky,Fast but flaky,random_blind,random / no health,random,50,87.66666666666666,0.8586209384938842,83.68333333333334,91.57222222222224,87.52888888888889,679.0266573291503,42.04273035263049,144.4110732658634,7.22,1.2073267711764561,21.0,12.244444444444445,53.85466666666666,0.0,0.0,28
fast_but_flaky,Fast but flaky,leastload_default_300s,leastLoad / default strategy settings / 300s,leastload,50,87.19777777777777,3.695650095695944,73.25,97.01111111111112,87.18666666666667,686.3822155136737,182.9599476838779,91.56000401195793,70.54,34.50804593546955,562.0,12.713333333333333,0.22,6.0,6.0,29
fast_but_flaky,Fast but flaky,roundrobin_blind,roundRobin / no health,roundrobin,50,87.49777777777777,0.8317581830572365,83.87222222222222,90.97777777777777,87.36444444444446,687.0713392535617,40.79233132976515,144.32192262947717,6.16,1.4509591640879966,25.0,12.413333333333332,59.96666666666667,0.0,0.0,30
fast_but_flaky,Fast but flaky,leastload_default_120s,leastLoad / default strategy settings / 120s,leastload,50,85.69333333333334,4.087585096391517,67.29444444444444,96.98333333333333,85.68444444444445,756.888674121152,202.6526659018003,85.25953313552293,97.82,50.630054167637816,934.0,14.217777777777778,0.3053333333333333,12.0,12.0,31
shared_provider_failure,Shared-provider failures,leastload_history_guard_hysteresis_60s,leastLoad-like / history guard + hysteresis / 60s,leastload,50,90.49111111111111,1.7279078535488206,82.94444444444444,96.81666666666666,89.87222222222222,530.4332557729703,88.05704931292709,158.89541033982803,67.1,14.66619593489091,242.0,5.364444444444445,0.7013333333333334,10.0,6.0,1
shared_provider_failure,Shared-provider failures,leastping_default_60s,leastPing / default strategy / 60s,leastping,50,89.95222222222223,1.652488889421893,81.25555555555555,96.12777777777778,89.76444444444445,548.5086033968569,82.03555712676824,106.93084874430693,63.74,13.45415034931922,232.0,5.903333333333333,0.6413333333333333,12.0,4.0,2
shared_provider_failure,Shared-provider failures,leastload_latest_hysteresis_60s,leastLoad-like / latest health + hysteresis / 60s,leastload,50,89.44555555555554,1.745524656553073,82.48333333333333,97.15,89.39888888888889,567.7678567776201,87.3782607978627,78.63774129299205,76.12,13.860928074366642,198.0,6.41,0.2846666666666666,14.0,10.0,3
shared_provider_failure,Shared-provider failures,leastload_history_guard_60s,leastLoad-like / history guard / 60s,leastload,50,90.9588888888889,1.6947300008561423,83.8,97.84444444444443,83.48555555555555,604.8085536065994,81.21276130122082,508.09658812263893,59.0,15.807647901017752,253.0,4.8966666666666665,4.736000000000001,4.0,20.0,4
shared_provider_failure,Shared-provider failures,leastping_default_120s,leastPing / default strategy / 120s,leastping,50,88.70777777777778,1.6667306261679764,81.6111111111111,95.60555555555557,88.49,611.6027859805499,83.63196951098966,118.97455138734182,75.66,12.025652545686402,241.0,7.147777777777779,0.35200000000000004,4.0,6.0,5
shared_provider_failure,Shared-provider failures,leastload_reliability_lcb_60s,leastLoad-like / reliability confidence / 60s,leastload,50,88.81333333333333,1.7522350324885387,79.68333333333334,96.33888888888889,86.13666666666666,636.9925384706133,89.03997074209437,264.8361870926241,74.42,11.759217640186632,190.0,7.042222222222222,0.5533333333333332,0.0,2.0,6
shared_provider_failure,Shared-provider failures,leastload_expected_cost_60s,leastLoad-like / expected outcome / 60s,leastload,50,88.30666666666666,1.8407167921298042,78.75555555555555,96.36666666666667,87.39888888888889,639.1007362045959,94.46421926588945,155.13780129958272,78.2,12.041900872718031,190.0,7.548888888888889,0.30133333333333334,8.0,10.0,7
shared_provider_failure,Shared-provider failures,leastload_success_rate_60s,leastLoad-like / success rate first / 60s,leastload,50,88.22333333333334,1.8286510470915915,78.75555555555555,96.36666666666667,86.77777777777777,647.1458008597805,93.75381155844171,182.54746803209312,78.48,12.012410106974626,190.0,7.632222222222222,0.306,8.0,8.0,8
shared_provider_failure,Shared-provider failures,leastload_tolerance_10_60s,leastLoad / tolerance 10% / 60s,leastload,50,87.41,1.5750270340724584,78.65555555555555,95.03888888888888,86.78111111111112,680.5537799373109,79.77652544020442,117.46537778493116,91.58,13.147107960277996,198.0,8.445555555555556,0.42200000000000004,2.0,4.0,9
shared_provider_failure,Shared-provider failures,leastload_tolerance_20_60s,leastLoad / tolerance 20% / 60s,leastload,50,87.26444444444445,1.495810025358889,79.63888888888889,94.38888888888889,86.77,686.6546744518469,75.11679232575518,125.09127535182547,91.26,13.315086739927251,217.0,8.591111111111111,0.4146666666666667,0.0,4.0,10
shared_provider_failure,Shared-provider failures,leastload_mean_latency_60s,leastLoad-like / mean latency first / 60s,leastload,50,86.69,1.9199217492957337,77.91666666666666,95.7388888888889,86.69,700.1229992316438,95.45001796009655,56.082728565501554,92.36,14.030413447160562,179.0,9.165555555555555,0.182,18.0,18.0,11
shared_provider_failure,Shared-provider failures,leastping_v2rayng_default_180s,leastPing / v2rayNG default / 180s,leastping,50,86.91444444444446,1.892253919403195,78.62222222222222,94.87777777777778,86.62777777777778,700.8763681942797,94.4774931879122,124.31757126010807,86.5,13.948776095069272,198.0,8.94111111111111,0.23733333333333334,4.0,4.0,12
shared_provider_failure,Shared-provider failures,random_health_60s,random / health 60s,random,50,88.27444444444446,1.5510785049096298,81.66666666666666,94.37222222222222,82.46,723.0794933367563,74.28697377861644,497.45194900650233,47.66,15.871107387034849,244.0,7.5811111111111105,50.34866666666667,0.0,0.0,13
shared_provider_failure,Shared-provider failures,leastload_tolerance_30_60s,leastLoad / tolerance 30% / 60s,leastload,50,86.44111111111111,1.560818310453896,79.69444444444444,93.66111111111113,86.15888888888888,723.286008764718,77.42797424136889,111.91991999190324,97.28,14.099023153766277,241.0,9.414444444444445,0.42266666666666663,6.0,6.0,14
shared_provider_failure,Shared-provider failures,roundrobin_health_60s,roundRobin / health 60s,roundrobin,50,88.13555555555554,1.5402308720664357,81.22777777777777,93.95,82.47333333333334,729.447705096681,73.92619786130614,495.9464148369363,45.52,15.206132005907312,196.0,7.72,56.802,0.0,0.0,15
shared_provider_failure,Shared-provider failures,leastping_default_300s,leastPing / default strategy / 300s,leastping,50,86.25888888888889,2.0098935776993194,80.02222222222223,94.90555555555555,86.04888888888888,732.8193891988965,99.29987536593582,106.72796715429027,92.8,14.28475117533007,232.0,9.596666666666666,0.16466666666666668,4.0,4.0,16
shared_provider_failure,Shared-provider failures,leastload_tolerance_40_60s,leastLoad / tolerance 40% / 60s,leastload,50,85.75333333333334,1.6049744372446157,77.35555555555555,91.89444444444446,85.51888888888888,755.1875177025728,79.42611328405012,96.5482075360753,95.16,12.15294243722297,217.0,10.102222222222222,0.42200000000000004,2.0,4.0,17
shared_provider_failure,Shared-provider failures,leastload_tolerance_50_60s,leastLoad / tolerance 50% / 60s,leastload,50,85.27333333333334,1.7253142254110323,76.44444444444444,91.80000000000001,85.03333333333335,778.9750113927953,85.56959147593656,95.87284647907467,101.24,12.702484410443954,191.0,10.58222222222222,0.41333333333333333,4.0,4.0,18
shared_provider_failure,Shared-provider failures,leastload_tolerance_70_60s,leastLoad / tolerance 70% / 60s,leastload,50,85.11777777777777,1.8546361833103793,78.05000000000001,94.09444444444445,84.97222222222223,786.3439103796096,91.90426541304535,88.74098332882322,103.1,14.963403554545131,241.0,10.737777777777778,0.4186666666666667,2.0,2.0,19
shared_provider_failure,Shared-provider failures,leastload_default_300s,leastLoad / default strategy settings / 300s,leastload,50,85.35888888888888,2.306816990016639,76.52222222222224,94.76111111111112,85.15,787.374185029171,114.55178618812097,128.1015469855669,103.08,15.519037945227751,237.0,10.496666666666668,0.18866666666666668,4.0,4.0,20
shared_provider_failure,Shared-provider failures,leastload_tuned_e2_60s,leastLoad / e2 s5 tol40 / 60s,leastload,50,85.04888888888888,1.471107649805372,79.82777777777777,91.7388888888889,84.80888888888889,795.5813404047423,73.5549122790841,112.9668098285145,72.0,14.679899835962082,180.0,10.806666666666667,29.573333333333334,2.0,0.0,21
shared_provider_failure,Shared-provider failures,random_health_120s,random / health 120s,random,50,86.63777777777777,1.4634320038834752,80.82222222222222,91.79444444444445,80.97222222222223,801.846311496973,69.82337486118672,498.5338254071748,48.48,15.889165240268872,259.0,9.217777777777778,50.379333333333335,0.0,0.0,22
shared_provider_failure,Shared-provider failures,roundrobin_health_120s,roundRobin / health 120s,roundrobin,50,86.57888888888888,1.4278535392006424,81.15555555555557,92.05,81.00333333333333,803.824700936802,68.29299992602586,495.2455869019271,47.78,15.527171763751047,217.0,9.276666666666666,56.90266666666666,0.0,0.0,23
shared_provider_failure,Shared-provider failures,leastload_default_60s,leastLoad / default strategy settings / 60s,leastload,50,84.13222222222223,2.129920544928902,75.38333333333333,92.65,83.97333333333334,836.1881716495815,105.44934036303907,98.17531779916361,106.04,13.957737440942818,216.0,11.723333333333333,0.43200000000000005,2.0,2.0,24
shared_provider_failure,Shared-provider failures,leastload_tolerance_100_60s,leastLoad / tolerance 100% / 60s,leastload,50,84.13222222222223,2.129920544928902,75.38333333333333,92.65,83.97333333333334,836.1881716495815,105.44934036303907,98.17531779916361,106.04,13.957737440942818,216.0,11.723333333333333,0.43200000000000005,2.0,2.0,25
shared_provider_failure,Shared-provider failures,leastload_v2rayng_burst_300s,leastLoad / v2rayNG burst default / 300s,leastload,50,84.35,2.3592392660278207,75.05555555555556,94.41666666666666,83.01111111111112,848.9766821051687,118.86394905455413,223.22174848970909,107.52,16.156338793158795,230.0,11.505555555555556,0.318,4.0,6.0,26
shared_provider_failure,Shared-provider failures,leastload_default_120s,leastLoad / default strategy settings / 120s,leastload,50,83.76555555555555,2.9310136115801644,74.79444444444444,95.88888888888889,83.45,855.3556802052368,147.30089969253893,113.21672630408546,102.1,16.63531472773921,217.0,12.09,0.25666666666666665,4.0,6.0,27
shared_provider_failure,Shared-provider failures,random_health_300s,random / health 300s,random,50,84.40333333333334,1.4507946344427198,79.38888888888889,89.81666666666666,79.19777777777777,906.1421439435039,69.31433461890809,487.656301157185,55.34,17.15885910519725,216.0,11.452222222222222,49.38466666666666,0.0,0.0,28
shared_provider_failure,Shared-provider failures,roundrobin_health_300s,roundRobin / health 300s,roundrobin,50,84.27111111111111,1.443954622570423,78.98888888888888,89.46111111111111,78.98222222222222,913.2669448206149,69.21578954025972,490.6094885185872,54.88,18.16184480486332,246.0,11.584444444444443,56.01,0.0,0.0,29
shared_provider_failure,Shared-provider failures,roundrobin_blind,roundRobin / no health,roundrobin,50,80.36555555555556,1.4122278766056184,74.10000000000001,85.89444444444445,75.14444444444445,1107.340890489892,68.32959322090343,499.51711406411977,46.08,15.344697491394898,206.0,15.49,59.96666666666667,0.0,0.0,30
shared_provider_failure,Shared-provider failures,random_blind,random / no health,random,50,80.35555555555555,1.5009111193429634,73.57777777777778,86.66666666666667,75.14777777777778,1107.6399050200346,72.98277187872712,500.7910014271499,46.86,14.94924254381121,226.0,15.5,54.242666666666665,0.0,0.0,31
congestion_waves,Congestion waves,leastping_default_60s,leastPing / default strategy / 60s,leastping,50,96.99888888888889,0.4370649596477642,94.98888888888888,98.68333333333334,95.50666666666666,236.42547332576504,25.448067610452714,256.4084542473752,3.72,0.4378511448492465,7.0,3.001111111111111,0.746,6.0,10.0,1
congestion_waves,Congestion waves,leastload_success_rate_60s,leastLoad-like / success rate first / 60s,leastload,50,96.61555555555555,0.5863612089290865,93.7388888888889,99.17777777777778,95.68,240.59575018086824,34.1177832689409,203.20914456891032,4.14,0.5631460244703456,10.0,3.3844444444444446,0.2053333333333333,16.0,12.0,2
congestion_waves,Congestion waves,leastload_expected_cost_60s,leastLoad-like / expected outcome / 60s,leastload,50,96.61555555555555,0.5863612089290865,93.7388888888889,99.17777777777778,95.68,240.59575018086824,34.1177832689409,203.20914456891032,4.14,0.5631460244703456,10.0,3.3844444444444446,0.2053333333333333,16.0,12.0,3
congestion_waves,Congestion waves,leastload_tolerance_10_60s,leastLoad / tolerance 10% / 60s,leastload,50,96.55888888888889,0.5980891700274619,93.46666666666667,99.17777777777778,95.49444444444445,246.29168968354267,34.84749997930104,201.0895842850709,4.76,0.6617120378911981,14.0,3.441111111111111,0.29733333333333334,10.0,12.0,4
congestion_waves,Congestion waves,leastload_history_guard_hysteresis_60s,leastLoad-like / history guard + hysteresis / 60s,leastload,50,96.55777777777777,0.5771974396783836,93.76111111111112,99.11111111111111,95.47777777777777,247.9113805905682,32.91325780739222,213.1463995217253,4.14,0.5452656866407196,8.0,3.442222222222222,0.23133333333333334,12.0,10.0,5
congestion_waves,Congestion waves,leastload_tolerance_20_60s,leastLoad / tolerance 20% / 60s,leastload,50,96.49222222222222,0.5900803236343642,93.76666666666667,99.16666666666667,95.49,248.53181926460368,34.36341057241687,197.19210525988623,4.8,0.6527661761711165,14.0,3.5077777777777777,0.292,10.0,10.0,6
congestion_waves,Congestion waves,leastload_mean_latency_60s,leastLoad-like / mean latency first / 60s,leastload,50,96.31333333333333,0.591062138690623,93.05555555555556,99.17777777777778,95.67222222222223,248.89752245031244,33.42599653707629,181.83929246581073,4.6,0.5775950658761636,10.0,3.686666666666667,0.17466666666666664,16.0,12.0,7
congestion_waves,Congestion waves,leastload_latest_hysteresis_60s,leastLoad-like / latest health + hysteresis / 60s,leastload,50,96.66333333333334,0.5377744012970321,94.1388888888889,99.06666666666668,95.33444444444446,249.56325603533259,32.77354628018343,243.9484107485352,4.24,0.5190406789200591,10.0,3.336666666666667,0.4073333333333333,12.0,12.0,8
congestion_waves,Congestion waves,leastload_tolerance_30_60s,leastLoad / tolerance 30% / 60s,leastload,50,96.44,0.588755674414137,93.76666666666667,99.16666666666667,95.42777777777778,251.79618621284746,34.69054491559443,197.83722297668382,4.84,0.6486035373690722,14.0,3.56,0.292,10.0,10.0,9
congestion_waves,Congestion waves,leastload_tolerance_40_60s,leastLoad / tolerance 40% / 60s,leastload,50,96.40777777777777,0.5936424644768228,93.76666666666667,99.16666666666667,95.36222222222223,254.27833216958126,35.152081922371785,199.27495993273763,4.9,0.660937857142857,14.0,3.5922222222222224,0.29133333333333333,12.0,12.0,10
congestion_waves,Congestion waves,leastload_tolerance_50_60s,leastLoad / tolerance 50% / 60s,leastload,50,96.39777777777778,0.5949526350739344,93.76666666666667,99.16666666666667,95.32888888888888,255.02821410432642,35.28983788631757,201.98963226329408,4.9,0.660937857142857,14.0,3.602222222222222,0.29133333333333333,10.0,10.0,11
congestion_waves,Congestion waves,leastload_default_60s,leastLoad / default strategy settings / 60s,leastload,50,96.36444444444446,0.6056164813672212,93.65,99.16666666666667,95.25666666666666,257.0780208057732,36.15286319971051,203.62815956504815,4.9,0.660937857142857,14.0,3.6355555555555554,0.29133333333333333,10.0,10.0,12
congestion_waves,Congestion waves,leastload_tolerance_70_60s,leastLoad / tolerance 70% / 60s,leastload,50,96.36444444444446,0.6056164813672212,93.65,99.16666666666667,95.25666666666666,257.0780208057732,36.15286319971051,203.62815956504815,4.9,0.660937857142857,14.0,3.6355555555555554,0.29133333333333333,10.0,10.0,13
congestion_waves,Congestion waves,leastload_tolerance_100_60s,leastLoad / tolerance 100% / 60s,leastload,50,96.36444444444446,0.6056164813672212,93.65,99.16666666666667,95.25666666666666,257.0780208057732,36.15286319971051,203.62815956504815,4.9,0.660937857142857,14.0,3.6355555555555554,0.29133333333333333,10.0,10.0,14
congestion_waves,Congestion waves,leastping_default_120s,leastPing / default strategy / 120s,leastping,50,96.37777777777778,0.5204388564177235,93.66111111111113,98.72222222222223,94.39555555555555,275.7040962408399,28.93741324693633,299.2074457793618,4.16,0.5022220166135161,9.0,3.6222222222222222,0.3793333333333333,6.0,6.0,15
congestion_waves,Congestion waves,leastping_v2rayng_default_180s,leastPing / v2rayNG default / 180s,leastping,50,96.17777777777778,0.6291138339394998,92.88333333333334,98.84444444444445,94.35888888888888,288.9294528103074,36.48729757044442,302.98669286488274,4.14,0.6348344720389716,13.0,3.8222222222222224,0.25266666666666665,6.0,8.0,16
congestion_waves,Congestion waves,leastload_default_300s,leastLoad / default strategy settings / 300s,leastload,50,96.08666666666666,0.6537038267849392,93.65,99.2388888888889,94.08888888888889,288.95477879749154,41.68052897865194,302.1463818529311,4.46,0.583880104041515,9.0,3.913333333333333,0.17733333333333334,10.0,16.0,17
congestion_waves,Congestion waves,leastload_reliability_lcb_60s,leastLoad-like / reliability confidence / 60s,leastload,50,96.20666666666666,0.6254247875475933,93.60555555555557,98.67222222222223,93.27666666666666,291.7822931622502,36.22919368796663,355.86011609759777,4.36,0.5068050266155372,10.0,3.793333333333333,0.5,2.0,6.0,18
congestion_waves,Congestion waves,leastload_default_120s,leastLoad / default strategy settings / 120s,leastload,50,95.77,0.7331528032730972,92.5,99.03333333333333,94.01444444444445,300.8083718907217,43.3433145732437,290.55025641202445,4.74,0.7642161297541074,15.0,4.23,0.2253333333333333,6.0,14.0,19
congestion_waves,Congestion waves,leastload_tuned_e2_60s,leastLoad / e2 s5 tol40 / 60s,leastload,50,95.9011111111111,0.48950215966074423,93.48333333333333,97.72222222222223,93.77333333333334,304.1499406839017,31.02633012409602,320.2224839099305,3.78,0.41559671741227344,7.0,4.098888888888889,29.945999999999998,2.0,0.0,20
congestion_waves,Congestion waves,leastping_default_300s,leastPing / default strategy / 300s,leastping,50,95.83111111111111,0.6505521748764266,92.30555555555554,98.22222222222223,93.57444444444445,308.1155286444457,37.43194461742394,322.16353285963913,4.26,0.5198355592885472,10.0,4.1688888888888895,0.14733333333333334,8.0,8.0,21
congestion_waves,Congestion waves,leastload_v2rayng_burst_300s,leastLoad / v2rayNG burst default / 300s,leastload,50,95.27111111111111,0.7839139678461555,91.15555555555557,98.22777777777777,91.41444444444446,358.18349878959157,47.84967452082744,393.4197786047218,4.84,0.6929234273962831,15.0,4.728888888888889,0.29333333333333333,4.0,6.0,22
congestion_waves,Congestion waves,leastload_history_guard_60s,leastLoad-like / history guard / 60s,leastload,50,95.44666666666666,0.4551694219756089,93.25,97.55555555555557,85.28777777777778,437.37629142738325,32.43851262467555,691.5963605805348,4.5,0.5018601495909482,9.0,4.553333333333333,5.092,0.0,0.0,23
congestion_waves,Congestion waves,random_health_60s,random / health 60s,random,50,93.95333333333333,0.3580556209667381,92.32777777777777,95.62222222222223,82.12222222222222,530.4769294479272,26.526819682951416,790.1544952253703,3.4,0.3940140574696205,11.0,6.046666666666666,53.199333333333335,0.0,0.0,24
congestion_waves,Congestion waves,roundrobin_health_60s,roundRobin / health 60s,roundrobin,50,93.91777777777777,0.3541892101234146,92.45555555555555,95.63333333333334,82.15444444444444,532.3698797976162,27.433897119149293,776.5404945284834,3.02,0.30133540230349326,6.0,6.082222222222222,59.821333333333335,0.0,0.0,25
congestion_waves,Congestion waves,roundrobin_health_120s,roundRobin / health 120s,roundrobin,50,93.84333333333333,0.37069277808479034,91.88333333333333,95.5111111111111,81.7911111111111,540.4821233805171,26.576611786580205,793.824801389563,3.2,0.32511557615903985,7.0,6.156666666666666,59.906000000000006,0.0,0.0,26
congestion_waves,Congestion waves,random_health_120s,random / health 120s,random,50,93.78333333333335,0.37350875192298405,92.05000000000001,95.51666666666667,81.76,543.0828779148184,28.927748033019995,786.7257108820901,3.44,0.4029662973367699,11.0,6.216666666666666,53.10666666666667,0.0,0.0,27
congestion_waves,Congestion waves,roundrobin_health_300s,roundRobin / health 300s,roundrobin,50,93.39333333333335,0.4148340967699277,91.32777777777778,94.97777777777777,81.36666666666667,562.8530234683393,29.85053779233189,785.543264078654,3.28,0.3353185375875863,8.0,6.6066666666666665,59.943999999999996,0.0,0.0,28
congestion_waves,Congestion waves,random_health_300s,random / health 300s,random,50,93.38555555555554,0.3836630435290743,91.7611111111111,94.86666666666667,81.10222222222222,567.197704457726,28.84728504195191,798.1445432050776,3.58,0.35001866527340436,8.0,6.614444444444445,53.123999999999995,0.0,0.0,29
congestion_waves,Congestion waves,roundrobin_blind,roundRobin / no health,roundrobin,50,93.12333333333333,0.41878974436718946,90.94444444444444,94.85,80.67888888888889,581.1276215860044,29.14139983084212,820.7510524745879,3.52,0.364579104393669,8.0,6.876666666666666,59.96666666666667,0.0,0.0,30
congestion_waves,Congestion waves,random_blind,random / no health,random,50,93.02,0.3849940045242318,91.53333333333333,94.73333333333333,80.42777777777778,588.1211227740706,27.928401970956703,822.6609966714016,3.64,0.3028116074304487,7.0,6.98,53.685333333333325,0.0,0.0,31
rolling_degradation,Rolling degradation,leastping_default_60s,leastPing / default strategy / 60s,leastping,50,94.71,0.8547073566273911,91.08888888888889,98.07222222222222,94.54888888888888,319.07629164347594,43.42944585153432,121.56418347669911,29.38,5.212281191131091,65.0,5.187777777777779,0.572,28.0,24.0,1
rolling_degradation,Rolling degradation,leastload_history_guard_hysteresis_60s,leastLoad-like / history guard + hysteresis / 60s,leastload,50,94.24111111111111,1.1106583173761593,89.24444444444444,98.55000000000001,93.63,350.5499504269108,57.0990965739326,148.7464981658823,30.32,7.11746053356725,109.0,5.656666666666666,0.736,18.0,14.0,2
rolling_degradation,Rolling degradation,leastload_latest_hysteresis_60s,leastLoad-like / latest health + hysteresis / 60s,leastload,50,93.06222222222223,1.4130525846386361,88.30555555555554,97.15,92.91888888888889,399.2576026716976,70.13702746380754,114.50094850581294,51.1,14.345811142191968,243.0,6.835555555555556,0.29266666666666663,8.0,10.0,3
rolling_degradation,Rolling degradation,leastping_default_120s,leastPing / default strategy / 120s,leastping,50,92.13333333333334,1.4466927181596265,86.16111111111113,97.58333333333334,91.60666666666665,450.1929275590218,73.38890316634692,144.41014476258823,48.74,10.649521923599064,124.0,7.764444444444445,0.34,8.0,10.0,4
rolling_degradation,Rolling degradation,leastload_history_guard_60s,leastLoad-like / history guard / 60s,leastload,50,92.67666666666666,1.0078290017171805,88.71666666666665,96.52777777777779,90.90444444444445,458.7928732599308,52.44076584600476,275.3825676188651,18.98,4.6837698778732975,82.0,7.221111111111111,3.686666666666667,2.0,4.0,5
rolling_degradation,Rolling degradation,leastload_success_rate_60s,leastLoad-like / success rate first / 60s,leastload,50,91.62111111111112,1.3898837948989302,84.32777777777777,96.91111111111111,90.76777777777778,475.71194742680404,71.208392682495,153.71279467510817,59.08,12.519039536363852,205.0,8.276666666666666,0.21600000000000003,8.0,8.0,6
rolling_degradation,Rolling degradation,leastload_expected_cost_60s,leastLoad-like / expected outcome / 60s,leastload,50,91.62111111111112,1.3898837948989302,84.32777777777777,96.91111111111111,90.76777777777778,475.71194742680404,71.208392682495,153.71279467510817,59.08,12.519039536363852,205.0,8.276666666666666,0.21600000000000003,8.0,8.0,7
rolling_degradation,Rolling degradation,leastload_reliability_lcb_60s,leastLoad-like / reliability confidence / 60s,leastload,50,91.40888888888888,1.415399474877009,84.63888888888889,96.82777777777777,90.49555555555554,495.0251388205186,72.43217696932939,182.05905793983254,57.26,12.841526388485688,205.0,8.488888888888889,0.4666666666666666,2.0,2.0,8
rolling_degradation,Rolling degradation,leastping_v2rayng_default_180s,leastPing / v2rayNG default / 180s,leastping,50,90.63111111111111,1.7618580831368367,82.73333333333332,98.0111111111111,90.25666666666666,522.0499465619089,88.32860992559885,125.86257076699435,79.64,18.18593776405608,183.0,9.266666666666666,0.24,16.0,18.0,9
rolling_degradation,Rolling degradation,leastload_tolerance_10_60s,leastLoad / tolerance 10% / 60s,leastload,50,87.04555555555555,1.993294513875591,76.99444444444444,95.03333333333333,85.95444444444445,706.2955985526687,101.686884376457,189.7377612221084,104.52,18.31349303260825,333.0,12.852222222222222,0.32799999999999996,0.0,0.0,10
rolling_degradation,Rolling degradation,leastping_default_300s,leastPing / default strategy / 300s,leastping,50,86.61888888888889,2.5025025831178604,75.66666666666666,96.12222222222223,86.16,722.107826106204,125.07801465794452,136.07996395318423,115.4,27.556422058272602,306.0,13.27888888888889,0.14666666666666667,6.0,6.0,11
rolling_degradation,Rolling degradation,leastload_tuned_e2_60s,leastLoad / e2 s5 tol40 / 60s,leastload,50,86.42111111111112,1.5244527813939166,79.11111111111111,93.59444444444445,85.61666666666666,744.0051264725672,77.82088403851054,185.01145668094324,29.6,11.57218511827196,171.0,13.476666666666667,30.126666666666665,0.0,0.0,12
rolling_degradation,Rolling degradation,leastload_tolerance_20_60s,leastLoad / tolerance 20% / 60s,leastload,50,84.30888888888889,2.624823286947871,69.66111111111111,93.6,83.47666666666666,838.2138144894687,132.30944652003947,174.79703362109805,132.66,23.031390410659107,422.0,15.588888888888889,0.31933333333333336,2.0,2.0,13
rolling_degradation,Rolling degradation,leastload_tolerance_30_60s,leastLoad / tolerance 30% / 60s,leastload,50,81.22888888888889,2.898506961812044,63.766666666666666,91.12777777777778,80.61555555555556,987.9663012856024,145.2513916712763,164.80861492172517,173.14,26.331038180927354,444.0,18.66888888888889,0.3213333333333333,0.0,0.0,14
rolling_degradation,Rolling degradation,random_health_60s,random / health 60s,random,50,82.58555555555554,0.9721807966238671,78.42222222222222,87.50555555555556,77.37888888888888,1000.2492950419729,51.58997743830102,549.5235161482115,6.68,1.2305635294589088,24.0,17.31222222222222,50.566,0.0,0.0,15
rolling_degradation,Rolling degradation,roundrobin_health_60s,roundRobin / health 60s,roundrobin,50,82.55222222222223,0.9674829973518115,78.14444444444446,86.57777777777778,77.25666666666667,1002.0977909186387,51.098339663184646,557.7873819668446,5.58,1.0055122326136532,20.0,17.345555555555556,59.33866666666667,0.0,0.0,16
rolling_degradation,Rolling degradation,roundrobin_health_120s,roundRobin / health 120s,roundrobin,50,81.35666666666667,0.8744280291470511,77.38333333333333,85.34444444444446,76.04333333333334,1061.0381280279726,45.964703117941575,560.5236125590251,6.54,1.58150641586884,29.0,18.54111111111111,59.489333333333335,0.0,0.0,17
rolling_degradation,Rolling degradation,random_health_120s,random / health 120s,random,50,81.17111111111112,0.9760511838292368,76.58333333333334,86.56666666666666,75.88666666666667,1070.2504350015279,50.819569817022035,559.2448317598668,7.8,1.5623740137152344,28.0,18.726666666666667,50.56399999999999,0.0,0.0,18
rolling_degradation,Rolling degradation,leastload_v2rayng_burst_300s,leastLoad / v2rayNG burst default / 300s,leastload,50,79.59444444444445,3.2788274949747076,65.75555555555556,92.37222222222222,77.56555555555556,1092.6716055151567,163.96134065581109,298.1380686663047,148.76,32.66716754389212,397.0,20.30333333333333,0.2853333333333333,0.0,0.0,19
rolling_degradation,Rolling degradation,leastload_tolerance_40_60s,leastLoad / tolerance 40% / 60s,leastload,50,78.37222222222222,3.3033227502691807,60.09444444444445,89.89999999999999,77.92666666666668,1127.4217062189052,165.0119040651638,146.3658326147814,203.98,31.28105063991786,467.0,21.525555555555556,0.32666666666666666,0.0,0.0,20
rolling_degradation,Rolling degradation,random_health_300s,random / health 300s,random,50,79.59222222222223,1.1532982578120314,74.7611111111111,84.75555555555556,74.06222222222223,1149.362127354967,60.151171349983144,582.7889438961568,8.74,1.326627425723767,24.0,20.305555555555557,50.614,0.0,0.0,21
rolling_degradation,Rolling degradation,roundrobin_health_300s,roundRobin / health 300s,roundrobin,50,79.45111111111112,1.182191544011974,74.94444444444444,84.57777777777777,74.02,1155.5015696582825,61.58110890541796,581.5309251621479,6.38,1.2298251416013892,23.0,20.44666666666667,59.559333333333335,0.0,0.0,22
rolling_degradation,Rolling degradation,leastload_tolerance_50_60s,leastLoad / tolerance 50% / 60s,leastload,50,75.04888888888888,3.5711087735155567,55.855555555555554,89.75,74.72111111111111,1289.991545738185,177.65518394215258,127.3876781311152,237.36,35.90479665764519,563.0,24.848888888888887,0.32666666666666666,0.0,0.0,23
rolling_degradation,Rolling degradation,leastload_tolerance_70_60s,leastLoad / tolerance 70% / 60s,leastload,50,68.52222222222223,3.953772163639585,50.92777777777778,86.11666666666667,68.24666666666667,1611.6455580287954,196.24295684291556,112.78630936071576,301.18,45.663864666706594,677.0,31.375555555555557,0.332,0.0,0.0,24
rolling_degradation,Rolling degradation,leastload_mean_latency_60s,leastLoad-like / mean latency first / 60s,leastload,50,66.39444444444445,4.883725816440559,46.672222222222224,90.98333333333333,66.32888888888888,1710.9812369004417,241.58103546551632,84.2925862954482,335.98,60.955715807999404,1039.0,33.50333333333334,0.16266666666666665,0.0,0.0,25
rolling_degradation,Rolling degradation,leastload_default_60s,leastLoad / default strategy settings / 60s,leastload,50,64.77888888888889,4.100204776382331,46.80555555555556,80.5111111111111,64.48222222222222,1796.8883982900834,203.26448407373582,125.05077817411392,316.92,51.722820321315155,774.0,35.11888888888889,0.34,0.0,0.0,26
rolling_degradation,Rolling degradation,leastload_tolerance_100_60s,leastLoad / tolerance 100% / 60s,leastload,50,64.77888888888889,4.100204776382331,46.80555555555556,80.5111111111111,64.48222222222222,1796.8883982900834,203.26448407373582,125.05077817411392,316.92,51.722820321315155,774.0,35.11888888888889,0.34,0.0,0.0,27
rolling_degradation,Rolling degradation,random_blind,random / no health,random,50,65.78,1.7552381380967867,58.19444444444445,72.85,59.004444444444445,1840.626446373854,86.4620468671816,689.4383574174768,9.84,1.1223552882047387,24.0,34.117777777777775,54.244,0.0,0.0,28
rolling_degradation,Rolling degradation,roundrobin_blind,roundRobin / no health,roundrobin,50,65.52333333333333,1.7471960090521768,57.21111111111111,73.36666666666666,58.85666666666667,1852.5835446056235,85.72277813313772,683.8256610256195,7.5,1.1133280167534925,20.0,34.37444444444444,59.96666666666667,0.0,0.0,29
rolling_degradation,Rolling degradation,leastload_default_120s,leastLoad / default strategy settings / 120s,leastload,50,56.24111111111111,5.084818916290784,32.33333333333333,82.55000000000001,55.87555555555556,2224.4224841534024,251.1403039197978,157.20904896474707,410.0,65.10507905674515,1003.0,43.656666666666666,0.2966666666666667,0.0,0.0,30
rolling_degradation,Rolling degradation,leastload_default_300s,leastLoad / default strategy settings / 300s,leastload,50,56.06666666666667,5.928261680235304,30.788888888888888,89.24444444444444,55.02666666666667,2242.3213056876093,293.4125589739895,234.3429185636416,400.46,71.41490389729215,881.0,43.83111111111111,0.17533333333333334,2.0,4.0,31
hostile_internet,Hostile internet,leastping_default_60s,leastPing / default strategy / 60s,leastping,50,88.08888888888889,1.563750230282349,81.26111111111112,94.0,87.88777777777777,645.3445010264327,77.74308708763427,120.63099825821624,55.22,9.937701845143305,169.0,6.461111111111111,0.5206666666666666,16.0,14.0,1
hostile_internet,Hostile internet,leastload_history_guard_hysteresis_60s,leastLoad-like / history guard + hysteresis / 60s,leastload,50,88.10111111111111,1.5933479087218463,82.04444444444445,95.78333333333333,87.85111111111111,656.4219328302017,79.67951918863295,148.27308060651293,56.32,9.891417668094471,193.0,6.448888888888889,1.0926666666666667,12.0,12.0,2
hostile_internet,Hostile internet,leastload_history_guard_60s,leastLoad-like / history guard / 60s,leastload,50,88.14,1.5593539608495461,82.86111111111111,95.89444444444443,87.55666666666666,671.5963556155788,77.30178062568885,203.59176545602716,52.74,8.174048693943408,146.0,6.41,2.8873333333333333,10.0,16.0,3
hostile_internet,Hostile internet,leastping_default_120s,leastPing / default strategy / 120s,leastping,50,86.81111111111112,1.8162336705570932,77.46666666666667,94.40555555555555,86.57111111111111,710.0588189562928,89.82948437484724,125.92474766608304,65.84,10.079297303305438,176.0,7.738888888888889,0.30133333333333334,12.0,14.0,4
hostile_internet,Hostile internet,leastload_latest_hysteresis_60s,leastLoad-like / latest health + hysteresis / 60s,leastload,50,86.07,1.8374671611793996,78.8888888888889,93.39444444444445,85.85777777777777,743.1091847111643,92.02212889540789,109.97532414357336,61.64,8.373848537677523,143.0,8.48,0.336,10.0,8.0,5
hostile_internet,Hostile internet,leastload_expected_cost_60s,leastLoad-like / expected outcome / 60s,leastload,50,84.56666666666666,1.9561238284982239,74.42777777777778,92.56666666666666,84.35888888888888,823.5231778517544,97.84525477655929,127.72882441256928,77.02,13.32992323336438,269.0,9.983333333333334,0.25466666666666665,2.0,4.0,6
hostile_internet,Hostile internet,leastload_success_rate_60s,leastLoad-like / success rate first / 60s,leastload,50,84.56555555555555,1.9561386558928568,74.42777777777778,92.56666666666666,84.35666666666665,823.5644541384245,97.84690449785947,127.72809039202312,77.02,13.32992323336438,269.0,9.984444444444444,0.25733333333333336,2.0,4.0,7
hostile_internet,Hostile internet,leastload_tolerance_10_60s,leastLoad / tolerance 10% / 60s,leastload,50,84.39666666666666,1.9030598288294578,75.14444444444445,91.6,84.34555555555555,828.7838319431288,95.12400531044534,107.36629630859858,77.18,11.40306820005342,185.0,10.153333333333334,0.31666666666666665,6.0,6.0,8
hostile_internet,Hostile internet,leastping_v2rayng_default_180s,leastPing / v2rayNG default / 180s,leastping,50,84.38222222222223,1.9328626219965819,74.92777777777778,92.96111111111111,84.16666666666666,829.6057325184537,96.09599380529679,129.6362021051627,79.28,12.31972486324131,217.0,10.167777777777777,0.212,4.0,4.0,9
hostile_internet,Hostile internet,random_health_60s,random / health 60s,random,50,84.93666666666667,1.3899876550861185,79.12222222222223,92.5,84.05,834.2162743260889,69.08504883841358,217.40091169332248,48.04,10.910455622127584,187.0,9.613333333333333,43.01866666666667,0.0,0.0,10
hostile_internet,Hostile internet,roundrobin_health_60s,roundRobin / health 60s,roundrobin,50,84.91666666666666,1.3881096383787113,79.06666666666668,91.28333333333335,84.03222222222223,835.2167229831616,68.98307624676544,216.59344258062595,47.02,11.000984961622603,169.0,9.633333333333333,54.67333333333333,0.0,0.0,11
hostile_internet,Hostile internet,leastload_reliability_lcb_60s,leastLoad-like / reliability confidence / 60s,leastload,50,84.26555555555555,1.993485278193669,73.77222222222221,93.38888888888889,84.03222222222223,845.8635273445739,99.80860684620342,153.62693014589163,78.26,13.227850968572485,269.0,10.284444444444446,0.45266666666666666,2.0,0.0,12
hostile_internet,Hostile internet,leastload_tolerance_20_60s,leastLoad / tolerance 20% / 60s,leastload,50,82.73222222222222,1.9683869356371277,73.77222222222221,90.17777777777778,82.68222222222222,909.6144965380679,98.13321371455051,101.38289467197578,92.86,14.505722188843594,277.0,11.817777777777778,0.2986666666666667,0.0,4.0,13
hostile_internet,Hostile internet,leastping_default_300s,leastPing / default strategy / 300s,leastping,50,82.58,2.350318286230171,70.26666666666667,91.4,82.32555555555555,922.2537167604148,116.47794556396315,133.9907854947312,86.78,14.388119440636277,249.0,11.97,0.13933333333333334,6.0,4.0,14
hostile_internet,Hostile internet,roundrobin_health_120s,roundRobin / health 120s,roundrobin,50,82.87666666666667,1.4055351841468973,77.11111111111111,88.86111111111111,81.95111111111112,935.6081261297444,69.78020949407455,224.17621555677653,50.12,11.100393983331017,176.0,11.673333333333332,54.96333333333333,0.0,0.0,15
hostile_internet,Hostile internet,random_health_120s,random / health 120s,random,50,82.69333333333334,1.3840605996378244,77.26666666666667,88.67222222222222,81.83444444444444,944.0621610948527,68.40265164737092,219.47604206017562,47.9,10.069935074946168,176.0,11.856666666666667,43.321999999999996,0.0,0.0,16
hostile_internet,Hostile internet,leastload_tolerance_30_60s,leastLoad / tolerance 30% / 60s,leastload,50,81.24,2.3712867871257424,73.16111111111111,91.60000000000001,81.23888888888888,980.2688862913147,117.72971986777954,91.60219378491605,98.94,19.01894945998225,403.0,13.31,0.2793333333333333,4.0,2.0,17
hostile_internet,Hostile internet,leastload_tuned_e2_60s,leastLoad / e2 s5 tol40 / 60s,leastload,50,80.32888888888888,1.6879791563017739,72.23333333333333,87.65,80.23,1035.9001892471333,83.9632436927454,132.55534558060694,65.96,11.907144375085046,200.0,14.22111111111111,29.16133333333333,0.0,0.0,18
hostile_internet,Hostile internet,leastload_tolerance_40_60s,leastLoad / tolerance 40% / 60s,leastload,50,79.85111111111111,2.5882496360099205,67.43888888888888,90.37222222222222,79.83333333333333,1047.769577838238,128.4177289290175,86.06722079571892,108.86,22.229963999918546,444.0,14.69888888888889,0.2793333333333333,6.0,6.0,19
hostile_internet,Hostile internet,leastload_tolerance_50_60s,leastLoad / tolerance 50% / 60s,leastload,50,79.30666666666667,2.577180912691933,68.08888888888889,89.47222222222221,79.30666666666667,1074.0727526183657,128.00647487223983,84.81575313871826,118.14,26.503214706901797,497.0,15.243333333333332,0.27466666666666667,2.0,2.0,20
hostile_internet,Hostile internet,leastload_v2rayng_burst_300s,leastLoad / v2rayNG burst default / 300s,leastload,50,78.73222222222222,2.9223371055836176,65.71666666666667,91.05555555555554,78.48111111111112,1116.8335457688681,144.5803624942325,153.99908354887646,99.56,22.116983242444867,439.0,15.817777777777778,0.23733333333333334,8.0,6.0,21
hostile_internet,Hostile internet,roundrobin_health_300s,roundRobin / health 300s,roundrobin,50,78.68444444444444,1.6808329865174356,71.25555555555555,87.0111111111111,77.69333333333333,1143.0692243093938,83.2934613310176,238.63627775099104,53.4,14.013598636975106,249.0,15.865555555555554,55.16266666666667,0.0,0.0,22
hostile_internet,Hostile internet,random_health_300s,random / health 300s,random,50,78.58888888888889,1.6935571215167458,70.64444444444445,86.56111111111112,77.60222222222222,1147.8112192185695,84.17704271774151,238.5709317180328,57.68,13.524871467202965,249.0,15.96111111111111,43.354,0.0,0.0,23
hostile_internet,Hostile internet,leastload_tolerance_70_60s,leastLoad / tolerance 70% / 60s,leastload,50,77.79666666666667,2.8191326053656325,63.833333333333336,88.84444444444445,77.75555555555556,1149.2149010077198,140.17835202851762,85.24392674190389,124.6,29.535680968718466,505.0,16.753333333333334,0.27,6.0,4.0,24
hostile_internet,Hostile internet,leastload_mean_latency_60s,leastLoad-like / mean latency first / 60s,leastload,50,76.47333333333333,3.359197196131275,60.827777777777776,90.08333333333334,76.38222222222223,1211.2722394472037,166.4615303567641,74.76687730263176,134.5,37.39333771861173,646.0,18.076666666666668,0.14666666666666667,2.0,2.0,25
hostile_internet,Hostile internet,leastload_default_60s,leastLoad / default strategy settings / 60s,leastload,50,75.47111111111111,3.1343599750897337,60.916666666666664,86.41111111111113,75.38777777777777,1265.5059267021209,156.33208168978575,96.39108277993603,140.8,34.743994032275644,646.0,19.07888888888889,0.28733333333333333,4.0,2.0,26
hostile_internet,Hostile internet,leastload_tolerance_100_60s,leastLoad / tolerance 100% / 60s,leastload,50,75.47111111111111,3.1343599750897337,60.916666666666664,86.41111111111113,75.38777777777777,1265.5059267021209,156.33208168978575,96.39108277993603,140.8,34.743994032275644,646.0,19.07888888888889,0.28733333333333333,4.0,2.0,27
hostile_internet,Hostile internet,leastload_default_300s,leastLoad / default strategy settings / 300s,leastload,50,73.81333333333333,4.495675874249597,54.522222222222226,88.88333333333334,73.6511111111111,1355.12189322656,222.64665427285988,134.4495064920128,159.42,51.50902307107205,835.0,20.736666666666665,0.14933333333333335,4.0,2.0,28
hostile_internet,Hostile internet,leastload_default_120s,leastLoad / default strategy settings / 120s,leastload,50,71.50555555555556,4.3730879092182615,49.32222222222222,87.31111111111112,71.38666666666667,1462.4881911033758,216.9873562443076,97.33819517558811,183.18,46.59828549681154,754.0,23.044444444444444,0.19399999999999998,0.0,0.0,29
hostile_internet,Hostile internet,random_blind,random / no health,random,50,44.968888888888884,2.352219574014247,34.705555555555556,55.18888888888889,43.80888888888889,2802.4507553636686,115.21081980433394,296.60586064841215,57.78,10.784286611483383,169.0,49.58111111111111,54.07933333333333,0.0,0.0,30
hostile_internet,Hostile internet,roundrobin_blind,roundRobin / no health,roundrobin,50,44.74777777777777,2.3619707838278923,34.28333333333333,55.18333333333333,43.62666666666667,2813.242423225317,115.65021634760674,299.50971724749195,54.24,10.049463927006068,162.0,49.80222222222223,59.96666666666667,0.0,0.0,31
